DateTime,crudeflowrate,crudetemp1,Overhead_Temperature_degC,Overhead_Pressure_kgpcm2G,Overhead_Sulphur_wtpct,Overhead_Chloride_ppm,Overhead_pH_pH,Overhead_Salt_ptb,Overhead_Corrosion_Rate_mmpy
01-01-17,1088.922546,127.4419136,114.7933126,1.024278359,-0.062755411,14.04797384,6.270092836,1.078363654,0.109989904
02-01-17,1111.999878,123.0262184,107.8840771,0.979262657,0.963367271,20.97510146,6.430980427,0.187305786,0.000493554
03-01-17,1106.915039,123.3739586,106.7362068,0.920821056,0.646145687,15.15627865,5.718349724,0.541882313,0.004371109
04-01-17,1117.661865,123.7406235,116.2255222,1.259784805,-0.062755411,11.55764367,5.997271595,2.617306483,0.212862479
05-01-17,1102.79187,127.7589073,106.351924,1.078511865,0.999434322,14.6650295,6.019341599,4.140952942,0.251855011
06-01-17,1097.452515,127.0070839,108.4436272,0.992092169,1.358004213,19.42326736,5.889504497,0.653868037,0.080463828
07-01-17,1107.951477,125.3092995,107.8628788,1.088331233,1.463273219,8.181756429,6.34779656,2.741461243,0.255397373
08-01-17,1015.636719,124.9803963,111.6989369,0.946659395,1.367967171,12.96341014,5.869091445,0.401416658,0.075992596
09-01-17,997.4931641,126.3129272,114.7418059,1.305663664,0.403901043,14.57968553,5.991258818,1.510769982,0.134283402
10-01-17,1018.212708,129.7259064,109.3730831,0.901243889,-0.062978534,21.50198259,5.916510859,0.039552847,0.072722314
11-01-17,989.3053894,130.1228104,109.0116903,1.039272068,-0.020347155,16.24720509,5.879795249,1.987967572,0.112781739
12-01-17,993.632843,128.1016083,105.6554823,1.199540138,1.010891794,13.1818432,5.860771636,0.474036879,0.092124584
13-01-17,956.5543518,128.7481232,109.6053529,1.13219983,0.446730624,7.133120922,6.033940149,3.032584825,0.203224089
14-01-17,945.9528198,128.6338959,99.66790573,1.182938195,1.296767059,10.7895713,6.060734229,2.986929453,0.305782922
15-01-17,1017.887421,128.3850632,89.4295694,1.143147711,-0.062978534,13.2567471,6.051608282,1.566511921,0.252020257
16-01-17,983.5012512,129.4849091,85.43126717,1.192714316,0.128363951,11.30042178,5.982951841,0.151026214,0.125821118
17-01-17,999.5893555,135.4775467,86.68522313,0.931633838,-0.062978534,9.76859549,6.37696782,1.781574111,0.259204139
18-01-17,1012.840393,134.494606,75.1701099,1.196712468,0.857157823,9.148546741,6.100736935,2.084083774,0.449986588
19-01-17,1047.811279,133.6840134,79.24568692,1.057174058,-0.07744666,12.51123257,20,0.210959113,0.153050513
20-01-17,1087.02771,132.6985626,83.2392924,1.09967311,-0.062755411,21.6569264,6.045523896,0.347223259,0.136304245
21-01-17,1004.642303,136.7249985,81.80460795,1.105325636,0.914988635,17.16682828,6.32239975,0.508706289,0.122291358
22-01-17,1032.586365,135.4010773,100.9717009,1.189621973,-0.011133975,16.32514823,6.277281287,0.745039355,0.164537258
23-01-17,1044.526306,132.5428696,109.5523189,1.121696229,-0.062978534,13.46400243,5.977784152,0.411981445,0.05836627
24-01-17,1040.37146,126.5329247,105.0532623,0.973667576,1.361863211,16.13167219,6.026546366,0.323161034,0.035199432
25-01-17,1078.190308,123.4212837,108.486847,1.338604509,-0.062978534,14.19260216,5.825522531,0.420638031,0.071694615
26-01-17,1040.919006,125.409111,109.8790164,0.919249079,0.351269382,14.71751005,5.987083571,1.49400087,0.154365476
27-01-17,1002.811737,127.7142563,106.8953971,0.96764247,-0.020347155,5.64356918,5.816275415,4.303180518,0.268245085
28-01-17,1005.013123,132.1031265,109.5692772,1.014312054,0.011189732,10.56377482,5.874497567,3.424728949,0.271406711
29-01-17,1024.192841,128.107872,109.6259016,0.988077544,1.227508384,10.06723105,5.9546836,1.388139915,0.146537541
30-01-17,1005.828522,130.8047409,106.2784682,1.199188857,-0.062755411,10.32725506,5.934050076,0.227574453,0.023496931
31-01-17,996.8230286,138.0515823,116.9151754,0.996454506,1.132641652,13.31368576,6.112771697,0.483850923,0.028102289
01-02-17,879.6251221,143.9715195,108.793402,1.143468449,0.675757237,23.39058716,6.170928847,0.779610737,0.128676416
02-02-17,873.7124939,145.3787842,114.4349069,1.087825604,-0.07744666,12.90881916,5.992086799,1.393658185,0.149165965
03-02-17,869.9279785,146.4762878,99.60037599,1.125341745,0.691216666,9.4574809,5.773906934,0.920936093,0.258660562
04-02-17,889.012146,145.9306641,112.0985297,1.213898942,-0.062755411,17.90574306,6.13425818,1.204461219,0.178851356
05-02-17,889.2793274,143.42276,111.823295,1.088807875,1.108862796,11.06318583,6.257535911,0.485096653,0.001451795
06-02-17,897.8371277,144.5581741,111.3538753,1.111522773,1.063739175,19.69468496,5.836613743,3.6952282,0.230069119
07-02-17,885.2827148,144.5067902,117.2337471,1.060605267,1.445863643,10.4126916,5.685491455,0.227409396,0.010758903
08-02-17,743.4433594,139.1880798,118.5794779,1.00893413,1.40993109,17.51973298,6.055402012,0.69160885,0.070996941
09-02-17,714.6422729,126.4548988,118.5385556,1.199984239,-0.020347155,20.51736536,6.364148878,0.064421036,0.023105397
10-02-17,718.4469604,125.2727852,106.2155091,0.897602887,-0.011133975,14.70820046,6.257535911,0.383185025,0.087342431
11-02-17,717.4207764,127.6139679,109.4770703,0.884347296,-0.011133975,14.11222378,5.959481356,0.898855675,0.16677493
12-02-17,713.0166626,122.3183022,111.5435536,1.038332877,-0.062978534,13.29185999,5.910997923,1.208635325,0.194976971
13-02-17,733.5400696,124.6641808,110.9186363,1.16116853,1.480940645,12.96673788,6.034828922,1.550102579,0.184328188
14-02-17,756.1461487,122.5184021,107.657976,1.119652634,0.591084778,13.43009616,6.217535986,0.13755913,0.031281414
15-02-17,782.7325134,123.4277077,101.1476664,1.10581864,-0.07744666,25.21839006,6.39373952,0.676504597,0.072139727
16-02-17,812.9510498,130.5154877,84.99816959,1.045837673,-0.07744666,15.06397856,5.954129596,4.66920015,0.432322018
17-02-17,808.2341919,135.1660385,88.12636642,1.150184625,-0.011133975,22.57407297,5.955063128,0.754332281,0.289947228
18-02-17,809.7175293,134.9308395,109.0921494,1.009059836,0.973968029,10.21210149,5.88944347,0.227014362,0.043768247
19-02-17,805.8148804,135.2367096,106.2730833,1.078450903,0.972623515,22.02626198,6.010538163,0.690509455,0.091265035
20-02-17,809.0320129,134.1542587,106.33927,1.070962009,-0.020347155,11.2679738,5.843456167,4.685902284,0.243439516
21-02-17,746.1547546,117.4635735,102.3952142,1.081568426,-0.062978534,20.41014721,5.506020319,0.351726821,0.033385415
22-02-17,1053.625244,132.2193909,109.6638914,0.991020915,1.009676183,21.07657389,5.820591358,3.656842187,0.27208826
23-02-17,1097.833984,126.4034996,107.5148796,1.160757916,1.379334869,5.796748635,5.915174214,0.617175607,0.012700889
24-02-17,1088.53009,124.0908432,85.92940812,0.992103434,-0.062978534,9.56986717,5.941415678,1.318831061,0.263351229
25-02-17,1104.454346,125.1154633,83.93684562,1.01354019,1.301034314,11.60030886,6.243599617,0.399690137,0.140230154
26-02-17,1154.664673,125.3787155,86.77166398,0.907782166,-0.062978534,20.73831959,5.992940717,4.418021137,0.401558715
27-02-17,1067.122437,135.742981,83.96158366,1.066157621,0.533411982,14.80167405,5.986789288,0.362962379,0.137042048
28-02-17,1051.195374,137.7428894,96.13082223,1.04773477,-0.062755411,16.45015692,5.786140579,0.553146103,0.160749267
01-03-17,799.7129517,134.2633133,91.41710625,1.24365125,-0.020347155,10.19832078,5.837104597,0.189088699,0.198256328
02-03-17,774.2607422,141.6069794,112.1655929,1.330093558,1.115240731,19.9287502,6.17658732,1.283532797,0.142154512
03-03-17,772.869812,140.7976608,109.7778065,1.111927283,-0.07744666,24.2352866,5.959575523,1.60513498,0.136639515
04-03-17,778.168335,136.0156403,92.49570194,1.058016643,0.539385258,16.85528066,6.312219571,1.792731934,0.236477668
05-03-17,765.9088745,135.9636078,97.22890352,1.259814912,2.181748209,27.00435612,6.057050887,3.635593832,0.360732279
06-03-17,763.6493835,135.5721817,92.35399238,1.214433659,-0.062755411,12.29933295,5.843088007,1.948724637,0.20457306
07-03-17,775.2472839,135.5311356,94.42947132,1.071621329,1.727919202,3.349527038,6.093872521,1.265378978,0.272901532
08-03-17,768.7684937,133.6341934,92.92349253,1.035864183,-0.062978534,14.42289452,5.902880242,1.227503881,0.256523483
09-03-17,727.0657349,131.3376694,92.38599583,1.057637217,1.194855658,20.82293218,6.318186983,0.269412823,0.109252132
10-03-17,725.1691589,129.4289703,109.1667849,1.160062989,0.279808737,15.96651166,5.498044742,0.711585633,0.169061744
11-03-17,732.8240662,129.0641785,113.4110717,1.117267415,-0.174359494,9.432375153,6.004827984,2.326517944,0.237963697
12-03-17,735.7337952,132.5041046,109.8594707,0.943061489,1.132891586,19.80609014,6.332069528,0.106918589,0.013651383
13-03-17,737.9351196,132.4655228,110.760121,1.038603841,-0.062755411,16.13974192,6.260590212,1.214579513,0.14529915
14-03-17,735.4658203,132.3488235,91.01819547,1.125248347,0.81672349,13.03567236,6.01710542,0.828425161,0.2141582
15-03-17,731.7102051,128.7767944,83.38079526,0.950950315,1.411995464,15.0258688,5.671118388,4.144213184,0.442998088
16-03-17,732.9914856,129.8286972,109.4759868,1.139151597,1.136943163,4.944988681,5.939724802,1.276273705,0.148895621
17-03-17,729.2349548,129.036293,108.6556515,1.165312471,-0.07744666,8.807313774,5.656857829,1.913630543,0.133836764
18-03-17,780.7011414,127.5432968,124.6432158,1.166102427,-0.011133975,14.21548823,5.849524536,1.469462441,0.17540319
19-03-17,777.7501831,129.0759277,125.6058259,0.929581884,-0.020347155,14.26098355,6.003086713,0.561911756,0.082308866
20-03-17,774.1046143,129.3838425,120.2479705,0.824536419,-0.062978534,21.50283595,6.040371431,0.560960045,0.068689833
21-03-17,776.1439819,135.2091217,121.2243265,1.225415786,1.044302638,11.71481937,6.277277414,0.044158896,0.092316044
22-03-17,780.5992432,133.6608124,114.1093294,1.229607499,0.657570464,22.36134421,5.874595308,0.556876921,0.005273336
23-03-17,789.2677307,128.648468,119.2278698,1.251710886,-0.011133975,13.47324226,6.010562345,0.539477422,0.051554378
24-03-17,784.1105042,130.1557159,128.2730573,1.135898981,-0.062978534,21.23311755,6.114451665,1.242175159,0.107759211
25-03-17,779.0299683,130.0549622,121.79015,1.112383255,1.4958519,9.877214104,6.119068816,0.009765395,0.025433143
26-03-17,774.017334,123.1810646,121.9028409,1.147642104,0.382102233,15.06553171,5.822354423,0.517144325,0.097770589
27-03-17,830.9794617,122.1501656,98.5324428,1.159304702,-0.07744666,8.021199717,6.114096537,0.161914128,0.197428858
28-03-17,823.1995544,125.491375,88.13764768,1.063875215,2.064436437,20.46856074,6.304377516,0.218363899,0.162543621
29-03-17,820.1391907,126.6517029,90.68734701,1.176131979,1.055701043,11.95247166,5.973230123,0.040470388,0.176831341
30-03-17,819.360199,130.9379654,92.20802499,0.891573893,1.855004882,3.349527038,6.01015223,0.76106007,0.240069756
31-03-17,821.9387817,133.7717667,95.69234986,1.264133363,-0.062755411,12.76257939,6.039536293,3.983477931,0.371031653
01-04-17,784.21698,136.5836563,74.81117993,1.034882737,0.918315214,16.65042502,6.029221521,0.151428946,0.198951784
02-04-17,660.2935181,144.3300323,74.59717127,1.019002703,-0.07744666,3.288726166,6.377369253,0.93826101,0.235636612
03-04-17,687.6074219,137.7872009,77.1256144,1.131183528,1.54850689,18.76848659,5.742085233,4.631561041,0.44711924
04-04-17,663.7924194,134.4356842,81.60567571,1.144894423,0.838473512,15.45518036,5.697221943,2.209295545,0.44538118
05-04-17,660.3615112,133.6542511,91.0110283,1.044746228,-0.062755411,17.82492087,5.594143232,1.027022768,0.227240672
06-04-17,660.8239441,135.0041809,84.99498689,1.137848381,0.23066762,10.95406207,5.720271847,1.691226306,0.229395671
07-04-17,661.4315491,139.3872452,81.08921742,1.14989995,-0.020347155,15.31282685,20,1.199950842,0.249704636
08-04-17,669.0284424,139.9571457,82.00381459,1.14440402,-0.011133975,14.07696009,5.710146485,0.138059965,0.114232994
09-04-17,682.3650818,138.5963974,102.7008185,0.833970038,0.213368952,11.24896965,6.138997545,1.280118003,0.177405559
10-04-17,679.480011,138.0954514,113.9282852,1.195884015,1.437262787,18.9561752,5.879397265,4.962518512,0.271776169
11-04-17,656.4692993,136.7507553,111.7926983,1.188624196,0.574600153,8.126282192,6.046532975,0.075215388,0.023208174
12-04-17,657.7484436,137.5727234,111.3174105,1.14462579,0.89036899,23.97039455,6.105081983,0.70767059,0.125352635
13-04-17,655.9793701,137.5387192,106.6539982,0.904737102,0.950129352,13.77026076,6.15014546,1.954054494,0.176779898
14-04-17,642.8154602,134.9979095,113.1430165,1.215546398,0.124547776,12.2883885,6.258761291,1.17792658,0.187348293
15-04-17,615.6915283,137.8466187,108.2773409,1.116506316,0.731224803,6.52074295,6.047774169,1.229261459,0.177699674
16-04-17,644.8697815,137.809166,104.9425826,1.107605552,-0.062755411,6.043626946,5.817222405,0.111190171,0.073007869
17-04-17,644.7478943,140.4176712,110.8134496,1.267032346,1.238400825,21.74663317,5.974500119,1.151875226,0.114701301
18-04-17,640.2381897,140.2531433,108.887611,1.147077749,-0.011133975,13.93784651,5.626517513,3.076905225,0.254403508
19-04-17,710.5809937,144.6108246,111.9067267,1.075555694,0.29829451,9.7472132,5.926388666,2.43558021,0.26663439
20-04-17,722.2633667,142.5645523,112.20418,1.065962205,0.992413567,8.160543899,5.82367236,0.305828439,0.035514258
21-04-17,700.1757507,141.4424515,107.097852,1.05782525,-0.062978534,16.61434436,5.909021402,1.982571202,0.18489572
22-04-17,709.1634216,144.5526962,109.0433295,1.192785238,0.92858029,15.37147647,6.135975217,0.057987846,0.066618434
23-04-17,704.9924316,144.6442032,107.7764675,1.097183436,0.755921917,20.10410785,6.256081424,0.802293475,0.18454174
24-04-17,759,144.198967,95.0513749,1.152319963,-0.062755411,11.26357501,6.183140455,0.181356757,0.18746635
25-04-17,764.2854004,144.5639801,112.929145,1.135170719,0.758142913,15.45416231,5.863525637,2.675690937,0.275479529
26-04-17,765.2731628,143.2035522,116.8901979,1.093980152,0.223817046,9.931563275,6.347358944,1.941093204,0.174304447
27-04-17,813.1632385,144.5349808,110.5980711,1.292312069,-0.07744666,9.734755434,5.756120052,1.036128864,0.169162731
28-04-17,815.7653503,144.6394958,112.3686684,1.25032718,0.220242706,14.03075456,5.988192652,4.147422165,0.247204647
29-04-17,814.4465637,143.7291107,109.8508267,1.269023302,0.735397193,12.23252875,5.952074543,1.984191111,0.188802376
30-04-17,816.201416,143.7247162,109.916161,1.038730049,0.741280354,16.01195331,6.050764859,1.01022006,0.158067747
01-05-17,916.9760132,144.1593933,97.37865474,1.232944768,0.849453663,13.74191122,6.206509011,0.908303015,0.189524517
02-05-17,898.506897,141.1215439,112.642318,1.029458926,-0.07744666,11.9040092,6.082443094,4.475636943,0.235577271
03-05-17,886.4680481,139.812355,110.240212,1.114659469,-0.07744666,13.82662971,6.016313075,0.544953088,0.037233745
04-05-17,888.3560486,140.7934265,116.2594202,1.226424279,1.516212277,0.309866883,6.138671559,3.691076813,0.222991068
05-05-17,902.7142944,144.2045135,114.5891132,1.127542765,-0.011133975,19.03275039,6.01675721,0.385978742,0.071903575
06-05-17,908.0612488,144.1985626,109.583215,0.990598337,0.823071963,7.711795353,5.675966553,1.336168198,0.119212135
07-05-17,812.2490234,142.8198013,116.4157267,0.836609795,-0.062755411,14.62659101,5.985948531,1.085481669,0.112383231
08-05-17,906.9519958,140.5937958,117.3978519,1.107451188,-0.020347155,12.61721972,5.952453044,0.904383687,0.166425036
09-05-17,896.4135132,137.7795486,103.8289393,1.173461434,1.014240252,9.733309556,5.970286696,2.767615447,0.265754916
10-05-17,892.2120361,135.7793427,110.5375792,0.96676843,-0.011133975,19.36411386,6.258761291,0.884340955,0.189502236
11-05-17,898.1580811,137.9033432,95.75259489,1.170434236,1.409199526,13.48011439,5.666221829,0.162317275,0.16308118
12-05-17,946.2249756,143.5636368,93.19714651,1.067049581,0.949844649,13.21588484,6.020938744,0.850943382,0.239679688
13-05-17,941.4535522,142.3111801,107.9935572,1.078729348,-0.020347155,12.63654713,5.854124353,1.122430185,0.1218039
14-05-17,913.025116,145.1848068,113.7880886,1.067835226,1.130845017,14.33092271,6.000400993,0.713937142,0.156174777
15-05-17,805.5660706,140.8344727,111.1860838,1.114180098,-0.07744666,13.18583552,5.977928121,1.824396667,0.127141242
16-05-17,881.1750488,140.7164841,106.2886415,1.049556666,-0.07744666,5.823289561,6.122663531,1.668911919,0.147089124
17-05-17,792.6879578,137.043869,114.4478267,1.178785555,1.753972153,17.031781,6.156117434,0.146922938,0.032138187
18-05-17,927.6998596,137.8525772,110.6661604,0.945175854,0.434965985,8.409587643,6.260590212,3.941188986,0.205935896
19-05-17,927.450531,138.4922028,99.16747128,1.080693387,-0.124308814,5.999478219,5.980290483,0.278221003,0.142581448
20-05-17,922.7554626,143.4169693,98.49054627,1.214537484,-0.011133975,14.3730168,6.477585132,4.991324136,0.326078542
21-05-17,920.7908936,143.5822906,102.4723112,1.066147414,-0.011133975,15.47952668,5.719002266,1.895137872,0.159189008
22-05-17,913.6061401,142.9091263,96.93737271,1.157705418,0.246294103,19.70273475,5.851331003,0.744728879,0.238437275
23-05-17,915.2303162,142.7085571,98.77577089,0.939028229,0.830054185,11.92340536,6.210209428,1.795434261,0.254339093
24-05-17,917.9590454,140.4358521,98.32761611,1.191058416,1.631402606,7.994461781,6.217059461,4.876647998,0.332448365
25-05-17,940.8375244,142.3664856,98.66305515,1.006668869,-0.07744666,14.76248298,5.64342319,4.76189588,0.312646026
26-05-17,996.9393311,142.5565567,99.93670924,1.066147414,-0.011133975,11.23641326,5.960770174,0.797601159,0.25450343
27-05-17,1033.383789,139.5094681,105.5639606,0.92534842,-0.062755411,11.59874174,5.675650966,1.795375036,0.165713008
28-05-17,1021.914124,141.3992157,114.2194513,1.115966901,0.836462653,16.04510049,5.617822337,1.427330982,0.101934347
29-05-17,1019.983276,140.4833298,111.8573695,1.128694653,1.696038746,7.149453723,5.853482606,0.430806163,0.018724786
30-05-17,1022.651031,138.9698029,108.9432342,1.088943079,0.578885675,14.65024678,6.293933481,4.732600992,0.217694018
31-05-17,1021.84314,134.9214401,115.8044878,0.889472374,-0.062755411,13.12066904,5.944107466,0.344235733,0.065839487
01-06-17,1262.906982,136.3185349,118.7432239,1.073833291,-0.07744666,14.73508639,5.924679032,0.441183975,0.059131554
02-06-17,1335.492615,134.2647247,117.8028316,1.095338987,-0.011133975,15.47327413,5.965241455,0.414623918,0.004620726
03-06-17,1108.90271,137.3257751,122.3792577,1.043525806,1.123937587,14.98727015,6.270092836,1.206671281,0.190113473
04-06-17,1109.17865,138.5078735,116.7749754,1.107619726,0.863337973,12.91776087,6.270437198,0.027019801,0.013574363
05-06-17,1109.618591,138.4210663,116.8852578,1.141399268,0.243385721,17.24164643,5.911955753,2.080665097,0.200576426
06-06-17,1113.84259,136.9388809,110.8777548,1.223583344,-0.062978534,9.16559275,5.871413117,1.655894938,0.192561134
07-06-17,1112.688171,137.1681213,109.2846318,1.155265971,-0.011133975,16.62954613,5.615518429,0.087559095,0.065531422
08-06-17,1113.515625,137.6647873,111.5402538,0.99140879,0.338916984,11.37510462,6.085348011,1.729085858,0.178296928
09-06-17,1115.349365,136.0756531,114.1611071,0.999937486,0.668440109,11.95026497,5.890517738,1.299133714,0.177730903
10-06-17,1099.427368,132.9289017,107.1412129,1.109728009,0.25352352,15.34120767,5.956104645,0.005012277,0.06766682
11-06-17,1120.075684,130.5042038,112.0004927,1.102829116,-0.062755411,5.400863366,6.057775569,1.131040038,0.124994414
12-06-17,1114.411926,129.9853897,108.8181661,1.256014466,1.743204471,18.72980488,6.022199148,0.389374111,0.02926517
13-06-17,1099.131897,131.5330734,109.9786527,1.104803396,0.347213156,9.29091553,5.972650876,0.740486289,0.182714913
14-06-17,1104.100952,136.1928558,109.3804224,1.245238555,-0.062755411,9.643393603,5.83269319,1.545818559,0.189010952
15-06-17,1103.617981,135.6698074,107.1989044,0.894635824,1.199311827,12.47290143,5.728787836,0.780838479,0.137607064
16-06-17,1100.906616,138.1216125,108.1786333,1.006771893,-0.020347155,13.77910344,6.000711162,0.45618398,0.05780712
17-06-17,1102.20874,138.738533,113.4616106,1.195648885,0.798577102,20.38135594,5.818904377,1.682382898,0.107080741
18-06-17,1105.522095,138.3908234,95.59054547,1.025924434,-0.062755411,18.90377015,6.153564049,0.540529294,0.175007088
19-06-17,1116.377441,132.35289,102.8427586,1.105079615,0.808871945,15.14375769,5.693317494,0.393301135,0.057323378
20-06-17,1125.595947,133.7310257,113.7891133,1.078123225,2.009708533,11.79192922,5.876405747,1.172076415,0.10524818
21-06-17,1127.294312,134.4215775,112.5480408,1.129754035,0.734875516,18.16277377,5.849157807,0.898936403,0.138052104
22-06-17,1114.273438,134.1204224,101.331692,1.28014546,1.110690458,5.197999974,6.265009578,0.088718144,0.072066901
23-06-17,1119.093689,134.0069656,107.6456459,1.246121062,2.20319587,17.43595518,6.292816591,1.674568304,0.166819224
24-06-17,1118.502136,133.9041672,111.6165142,0.929543138,1.239325241,11.28318217,5.988258601,4.266151421,0.247791493
25-06-17,1116.457397,134.7429581,93.15309271,0.982758912,1.925662898,7.945595834,5.988136283,3.250423201,0.377450518
26-06-17,1122.544495,138.3941193,93.45246844,1.183813457,1.227206789,8.848543978,5.479267138,0.829604785,0.227238789
27-06-17,1119.593323,139.2951126,91.24621125,1.060446105,1.638894327,8.186530239,5.888794654,0.050114717,0.120762482
28-06-17,1120.951355,139.3237915,93.46707473,1.051700746,-0.07744666,9.079271067,5.978068243,0.271646691,0.153252584
29-06-17,1116.723206,139.0955963,93.57397424,1.084770056,-0.020347155,18.3924737,5.724219571,0.981018009,0.215213405
30-06-17,1123.175659,138.9995804,94.94452332,1.102034212,-0.07744666,14.57582093,6.285599565,1.99967252,0.219559886
01-07-17,1126.30658,139.9439774,92.92849907,1.172993592,-0.062978534,18.49507775,6.259994236,0.106573566,0.104107472
02-07-17,1125.415771,138.7253723,101.1292851,1.21480549,0.980269717,12.17734732,6.172374491,4.583023815,0.253622506
03-07-17,1122.365601,137.4166489,104.3253992,1.18462217,2.104978748,19.61543358,5.947814246,0.246958061,0.034348874
04-07-17,1106.94165,136.9446793,109.2132568,0.969438301,-0.020347155,16.31420985,6.000853822,0.291767686,0.008175507
05-07-17,1065.206787,134.2916794,105.2710842,1.175663162,-0.020347155,6.96044281,5.999874332,3.604048559,0.246816806
06-07-17,1063.093872,133.7750626,113.534566,1.025922201,0.90496002,12.11958615,5.929076777,0.130305632,0.035537786
07-07-17,1061.440796,133.1478119,113.7819913,1.109836108,1.342131965,20.7729017,6.508287489,1.492685642,0.144267241
08-07-17,1121.577698,134.3761368,116.6112023,1.225961084,-0.07744666,3.739401075,6.091939945,0.934504978,0.175328945
09-07-17,1122.493042,135.8464203,109.029498,1.210061902,0.997900345,2.223874288,6.192724557,0.897317413,0.173035152
10-07-17,1117.400513,133.6370087,107.4375722,1.137640201,1.235678269,22.88280839,6.306767235,1.997747275,0.11316296
11-07-17,1094.062927,130.7804642,103.9848143,1.134165458,0.403976509,17.4030968,6.252185855,1.504682792,0.135378028
12-07-17,1114.071899,131.341423,110.5728622,1.230983194,1.011375333,19.9201206,5.946214894,0.0782017,0.071080664
13-07-17,1116.493958,137.5255508,112.9140286,1.040282378,0.304330722,14.28987678,6.439614525,1.086580534,0.143576856
14-07-17,1117.826782,133.161911,108.8197834,1.106124561,-0.062755411,10.63015918,5.806903232,1.270563297,0.171476961
15-07-17,1107.308838,132.749649,109.7197359,1.174118903,0.500189133,17.70143919,5.934865973,3.475156933,0.22216817
16-07-17,1134.7948,132.4703369,110.0602567,1.028162001,0.938241384,14.15359635,6.020487582,0.591113653,0.08710447
17-07-17,1124.498901,131.0479355,106.9136528,1.10537465,0.81958266,18.93467796,6.250201812,3.351774899,0.260430638
18-07-17,1127.585754,132.055954,98.57610097,1.116166431,-0.062978534,14.36856774,6.105022959,2.290382915,0.319939457
19-07-17,1122.844971,134.1917038,95.96904143,0.765329744,0.439975795,18.85628416,5.83760494,3.938696671,0.369809942
20-07-17,1130.780579,135.1520844,110.4179133,1.122667996,1.04462094,8.94930256,6.285599565,0.947311247,0.160732498
21-07-17,1139.15271,139.859993,113.3409794,1.199188857,-0.062978534,14.3605236,5.935598993,1.728974523,0.132721876
22-07-17,1134.687805,140.8067398,114.8119426,0.995580839,1.138777921,16.2257652,6.053689964,1.070899701,0.176236488
23-07-17,1134.536255,136.7171631,107.6271742,1.197010078,0.90070185,10.46109498,6.175438692,4.883949823,0.298671814
24-07-17,1136.022034,135.3445206,106.8657084,1.014805895,-0.062978534,19.85260374,5.904809202,1.199278406,0.167238045
25-07-17,1130.168274,134.6318741,112.6414457,1.202927617,-0.011133975,14.41461425,6.065747862,0.342384181,0.025591098
26-07-17,1131.763611,135.9932251,110.2003254,0.933508995,1.317269882,14.76695028,5.695838238,1.99967252,0.132158739
27-07-17,1133.157349,136.4647217,115.3333288,1.077125409,1.354611659,19.21445957,5.708207294,2.234562833,0.209546433
28-07-17,1117.96106,134.3066635,108.5980188,0.924140941,-0.011133975,17.03538155,5.924184867,0.265059976,0.009916737
29-07-17,1118.22522,133.8668747,110.3517117,1.050006734,0.330359355,17.73975777,6.055380645,0.655332381,0.060194178
30-07-17,1114.758911,134.9519958,110.966442,1.125341745,1.847493629,11.97588605,6.096529509,2.04246452,0.219838022
31-07-17,1120.895264,137.2623062,104.8907204,1.132239386,0.400076424,9.330085975,5.594791594,0.551050489,0.091697041
01-08-17,1115.926147,140.8893204,108.4617175,1.115787159,-0.011133975,13.95140864,6.16314363,0.008660148,0.042908156
02-08-17,1116.802002,140.3499756,106.1599297,1.229181761,1.459183313,16.88368159,5.810780781,1.43753633,0.114185251
03-08-17,1117.161804,140.6376648,109.8368856,1.006788777,0.435932699,16.59142353,5.785896142,1.987869905,0.186965938
04-08-17,1128.520691,141.0049667,105.9864737,1.270963463,0.936361437,15.08051587,6.050088022,1.199950842,0.186865161
05-08-17,1120.476868,140.5229721,109.3974541,1.18817925,-0.07744666,10.8439868,5.927146127,1.330725097,0.114580023
06-08-17,1115.566162,139.0674286,106.0061948,1.049283065,-0.020347155,28.07627536,5.917356628,4.998366526,0.285607392
07-08-17,1127.794373,138.7911835,110.2159563,1.202852906,-0.062978534,13.69701569,5.853121209,1.554339411,0.17848014
08-08-17,1127.364563,141.8012924,107.2824526,1.276597873,1.133453782,14.21421867,5.919318052,1.486949731,0.111217392
09-08-17,1131.711975,143.6333694,113.6073961,1.035478498,-0.07744666,19.36411386,5.947261355,0.715373415,0.170103673
10-08-17,1077.159546,141.8902893,107.6597726,1.138833341,1.459261065,19.04626343,6.252506152,1.131082665,0.17420649
11-08-17,1078.832153,136.6773605,111.9558077,0.90920258,-0.062978534,17.64471674,5.993707827,0.402012088,0.054093582
12-08-17,1138.517944,138.8513489,106.6687973,1.153977538,0.666787418,12.02983661,5.902928383,1.512701761,0.162186837
13-08-17,1126.551819,133.9341583,112.0796979,1.174431802,1.362218968,14.24223136,6.522196643,0.041270153,0.019033126
14-08-17,1122.821716,129.2130432,103.060964,1.215672486,-0.062755411,19.43883573,5.792732698,4.948374472,0.21783124
15-08-17,1116.052185,121.3477364,106.6394862,1.077605345,-0.020347155,19.30415177,6.10848438,0.220867735,0.069332974
16-08-17,1125.792114,125.8411217,111.0077171,1.139934264,-0.062978534,14.76572233,6.095051825,0.026162376,0.055785484
17-08-17,1128.828918,130.5496521,114.8868001,1.138981911,0.130421555,14.16062867,6.277277414,1.174887595,0.173576918
18-08-17,1130.780273,134.1186905,106.5218239,1.202426145,1.549632959,15.66548698,5.747192596,1.701070608,0.114336251
19-08-17,1130.284302,129.8434296,111.7513269,1.090630279,-0.011133975,11.37887579,6.251533184,0.423975731,0.052178266
20-08-17,1130.005493,125.8748093,111.926224,0.962086549,-0.07744666,14.36616857,6.260666803,0.786064608,0.161885912
21-08-17,1132.765869,130.8561401,113.0659138,0.964593278,-0.062978534,7.677370288,6.215525073,1.160194664,0.159189008
22-08-17,1123.36853,131.6740952,106.6936667,1.278606937,-0.020347155,12.09989391,5.92519168,1.706787882,0.129237174
23-08-17,1066.123901,129.0295486,107.7271591,1.21440157,1.145267837,9.380202647,6.041738129,1.166843446,0.119477125
24-08-17,1073.55426,132.3093338,102.2613562,1.087986269,0.972481568,12.74977433,6.057668534,0.083766728,0.056143674
25-08-17,1117.736023,137.1947632,108.5703416,1.071420424,1.58833239,21.44358495,20,4.933253068,0.275863429
26-08-17,1117.961426,135.3277817,99.4846065,0.894945662,-0.020347155,20.07129418,5.646078665,0.843420624,0.289109608
27-08-17,1114.385132,133.7404327,110.4652087,1.063526715,1.680958152,28.07627536,5.793437133,2.146267987,0.245715508
28-08-17,1055.859192,135.6585312,104.6439978,1.090076838,-0.062755411,23.609289,5.940361963,0.032839657,0.01715375
29-08-17,1062.739136,138.5794907,100.3227214,1.006581624,0.221118803,17.93249443,5.921136098,0.078744736,0.020944223
30-08-17,1057.628906,137.3710098,106.7837193,1.016454314,-0.062755411,18.79426532,6.311602146,1.509556232,0.180166259
31-08-17,1041.551697,136.87323,100.9790792,1.157345812,-0.062978534,12.32581439,5.735748372,0.516509164,0.003302915
01-09-17,1102.864075,133.7211609,114.7328737,0.98229545,1.206148975,16.0085527,5.887443336,3.183086047,0.240539896
02-09-17,1126.949524,137.7663956,109.7397759,0.998765987,-0.020347155,13.79149144,6.093539525,0.065773072,0.078069274
03-09-17,1076.335571,135.7842026,112.9792151,1.066848777,1.727359602,11.56249195,5.710883615,2.979428727,0.281088113
04-09-17,1078.507446,133.9737473,112.8246515,1.092740543,1.157002486,13.61493227,6.40697494,1.860394934,0.140960964
05-09-17,1078.659851,133.8736191,102.3111106,1.203376223,1.742947901,12.97171143,5.971935741,0.245423819,0.042489502
06-09-17,1096.354553,132.9118271,110.2079337,1.030002183,-0.011133975,12.86401909,6.17867324,0.46937916,0.038996091
07-09-17,1085.810364,131.9272995,109.1520351,1.132708608,-0.062755411,7.447404537,5.92186513,4.466460911,0.233289399
08-09-17,1070.58075,132.7070236,112.781857,1.018110034,1.24088268,27.5428393,5.676589756,0.192883962,0.055807451
09-09-17,1068.214722,133.1971664,107.9775732,1.096210088,1.271966221,13.11142173,5.803436411,0.345071038,0.033032334
10-09-17,1129.474487,127.9909782,111.0915824,1.008613566,1.601402096,7.409204106,5.902655272,1.691226306,0.278366569
11-09-17,1125.831848,126.3995819,109.3948333,0.969133444,0.659523371,24.26614608,5.957527127,1.607775892,0.031187984
12-09-17,1124.004211,129.3744431,107.1349058,1.311121882,0.973483983,23.55030599,6.277277414,4.116489772,0.276621948
13-09-17,1129.677795,128.699707,112.3495632,1.079492065,1.274558449,16.58059949,5.874750631,0.678455857,0.078200756
14-09-17,1129.373596,136.4796143,108.988369,0.889210755,0.931709446,28.15956042,6.031257129,0.474928574,0.007778806
15-09-17,1128.361633,135.5228348,112.4373741,1.174312169,-0.07744666,11.55976938,5.919329188,3.536274581,0.23557025
16-09-17,1127.210388,127.2872581,109.3730831,1.186566218,1.03277665,10.12469902,6.120890129,0.829604785,0.021188068
17-09-17,1127.741211,131.6024857,107.3793051,1.04247255,0.440395921,8.257659444,5.868684638,0.181356757,0.01302817
18-09-17,1132.331848,131.7981949,111.2006949,0.87252445,-0.020347155,28.15956042,6.049967869,0.568943873,0.075076775
19-09-17,1136.001099,130.1977158,101.7551366,1.006668869,0.526669372,15.52549494,6.073140198,0.868832116,0.194880229
20-09-17,1119.008118,133.1481247,109.9777174,1.330825771,-0.353037996,15.83455815,6.371026974,0.005693075,0.085542257
21-09-17,1098.300415,126.8351936,98.63076456,0.989557066,1.266043837,20.21862038,5.939965517,1.139306342,0.277168209
22-09-17,1103.675598,130.0983658,92.35282994,0.971560545,1.131763712,8.677241831,6.14328789,0.077052893,0.183190926
23-09-17,1115.619995,136.1717072,89.70240583,1.003803898,1.073063917,11.3770859,6.082410126,0.669961017,0.1354757
24-09-17,1101.36322,139.6374893,98.00304097,1.173188141,-0.011133975,8.297295597,5.857532462,1.361392494,0.225902912
25-09-17,1125.168762,141.3713226,90.83739994,1.026019494,1.9178237,18.43904431,6.13042696,4.386327881,0.378421588
26-09-17,1126.270203,141.1668243,93.46065974,1.134319945,1.182208596,17.97663139,6.076063794,0.76198848,0.258106077
27-09-17,1118.091736,138.0445251,86.01857787,1.167316183,1.663093885,12.23950349,5.806550892,0.445117618,0.124700216
28-09-17,1114.647522,136.7434921,110.0344931,1.054935848,-0.07744666,7.689329843,5.936620218,1.668204935,0.151059959
29-09-17,1119.81189,140.6976776,106.1926999,1.099816913,0.470073,10.40350548,6.120559275,0.454302481,0.002425384
30-09-17,1073.861206,140.1751099,89.38353868,1.162423121,-0.07744666,14.49572456,5.898664256,0.371410048,0.107298758
01-10-17,1069.449097,141.035675,88.2019209,0.881968081,-0.062755411,13.05591849,6.132229039,0.427213734,0.1505958
02-10-17,1058.909912,141.5402298,89.6878642,1.078590328,-0.011133975,15.13887417,6.184516431,0.900381442,0.231381729
03-10-17,1070.512085,135.1776352,92.67000872,1.117894509,1.266589733,13.13565076,6.270437198,0.367563345,0.110434907
04-10-17,1067.957214,136.6645126,88.24806699,1.195236742,2.369475479,13.40938197,6.216822472,0.321739682,0.169598852
05-10-17,1069.549316,136.6759567,90.19664055,1.089280327,-0.062978534,10.69440418,6.027298134,3.572576553,0.379787833
06-10-17,1067.270447,135.8863602,87.72508054,0.936107976,-0.020347155,14.3875931,5.814717633,2.702034876,0.39289907
07-10-17,1066.336426,135.3932495,91.51023259,1.289686533,1.620584835,23.79506493,6.136497276,0.703731817,0.275409485
08-10-17,1076.09082,133.1341705,91.13959931,1.055768946,1.51766447,6.901137281,5.52798011,0.177200532,0.12602116
09-10-17,1081.447571,133.2347794,107.8198344,1.15788134,0.860295368,16.29995627,5.862527728,1.465468218,0.185108263
10-10-17,1122.558594,135.6605606,101.1834118,0.96334152,-0.07744666,20.7601783,6.025239714,0.778742555,0.156559481
11-10-17,1124.898621,136.3981323,106.5301725,1.205613938,1.142565302,13.98190449,6.287194009,1.529382695,0.128724545
12-10-17,1127.480957,139.7033005,114.0445771,0.98194272,0.423704228,19.55943968,6.110659333,1.811858249,0.176746388
13-10-17,1129.68335,140.3725357,109.132408,0.994335081,-0.062755411,15.06580129,6.158061576,0.24872606,0.096721458
14-10-17,1128.480103,142.0233231,107.2465202,1.178031507,1.541130011,7.543294996,6.256081424,3.438189401,0.217224139
15-10-17,1138.856995,141.5757751,105.6871158,0.990332084,0.640447735,18.3201594,6.219739519,0.189951936,0.000522286
16-10-17,1141.574158,138.0503235,111.9795447,1.073272747,0.825669764,10.55262625,5.628562065,0.224906511,0.069453116
17-10-17,1085.945313,135.5925598,105.4283626,1.009281624,1.160155898,10.28352657,6.257535911,1.414847014,0.187574247
18-10-17,1071.66156,137.0596924,109.1064328,1.1938681,-0.07744666,10.69151638,20,1.160976811,0.115811068
19-10-17,1124.670166,134.1528473,110.7351071,1.215337263,-0.011133975,17.61926151,6.180854755,1.469796649,0.14663443
20-10-17,1127.052612,134.5113678,112.9106069,1.095906809,-0.062978534,13.48199145,5.889688977,0.361371451,0.056997749
21-10-17,1121.996765,136.1137314,113.7097571,1.01460789,0.323085778,16.87131632,6.347686055,0.145490547,0.018137966
22-10-17,1138.274109,139.3364792,111.5026229,1.053174431,0.53361906,6.726418191,5.857319769,3.892950437,0.281242593
23-10-17,1135.567627,135.2938995,110.9258387,0.968275937,0.804583296,14.37382386,6.049728849,0.301131102,0.053143102
24-10-17,1133.663025,135.7318649,111.5512164,0.799137338,1.329472313,13.34408154,6.256081424,2.949692074,0.205052314
25-10-17,1125.150696,137.5561142,115.9607162,0.90174208,1.232530643,18.85169569,5.953690604,1.773372863,0.116896273
26-10-17,1128.781555,139.9833145,111.3033733,1.234549087,-0.011133975,15.53495016,6.145113467,2.582217476,0.22434865
27-10-17,1138.883545,140.7388916,97.37865474,1.114171742,-0.011133975,9.175603217,5.639662329,0.258898914,0.111666222
28-10-17,1132.821655,140.4317627,100.2984847,1.157289206,1.128190138,21.73764634,6.252185855,0.465466828,0.010407675
29-10-17,1144.092224,140.7993851,97.02364928,0.966083059,0.645671804,14.90697076,5.357571716,1.249178086,0.248483622
30-10-17,1129.138611,140.7783813,94.92995586,1.025982418,-0.062755411,17.29884907,6.112702984,1.625437057,0.261726448
31-10-17,1134.222351,141.0665436,100.4646078,1.076792503,-0.020347155,14.41453561,5.807938987,0.684411848,0.042816575
01-11-17,1137.977051,139.9247131,102.0084883,1.186321704,-0.011133975,13.21040281,6.138248578,0.095060309,0.024440482
02-11-17,1054.151245,134.3914948,97.02592786,1.148902009,-0.020347155,11.28877035,5.828045234,1.496133574,0.291554186
03-11-17,1030.684509,133.8440018,102.8016299,1.052298382,1.348503354,27.5428393,5.859268359,0.937825399,0.101835478
04-11-17,1062.264282,138.9735641,108.1010219,1.064629487,-0.020347155,12.94872959,6.250491682,0.526502521,0.098042782
05-11-17,1140.231506,136.9127121,108.4232523,1.079162705,0.822317696,18.6720439,6.685710774,1.979988411,0.198254564
06-11-17,1134.958008,137.4692993,107.151406,0.97873556,0.680425363,16.04887085,5.934840234,1.819719877,0.10941615
07-11-17,914.193634,138.3748398,109.7156936,0.997823826,0.785582964,18.55289718,6.024632948,1.567737104,0.123354713
08-11-17,932.1973267,132.4788742,109.2813113,1.23634872,0.685639844,10.53731117,5.695858248,0.810695913,0.156039397
09-11-17,1111.619202,130.49543,112.8950721,1.362317484,0.213650025,14.37382386,6.127356566,0.860817475,0.159591454
10-11-17,1135.678162,134.0810776,107.8231083,1.16189999,-0.020347155,21.33457654,5.854936157,1.292216353,0.115961808
11-11-17,1131.152222,135.4364929,111.5336444,1.26513298,1.330081308,20.33289123,6.239491161,1.177741664,0.194353645
12-11-17,1137.925476,135.1414337,107.8754425,1.208384341,0.815385745,13.68860464,5.964123863,3.78729023,0.289325261
13-11-17,1136.735962,137.02742,109.8768077,0.959675888,1.586471794,10.32003088,6.02131106,0.157257754,0.008475915
14-11-17,1130.322937,137.3489456,111.311082,1.217143441,0.60639813,17.41935962,6.277277414,1.051208098,0.110881085
15-11-17,1123.605652,138.2421112,107.6566243,1.099344489,1.209835682,21.22361917,6.295307015,1.684255207,0.147585143
16-11-17,1134.763672,138.331749,113.88915,1.071687338,0.601813214,10.0198231,6.32250308,1.058862812,0.138705314
17-11-17,1143.30658,138.5783844,107.5382002,1.122772788,0.766077203,20.96791987,6.207124261,0.765743723,0.172715185
18-11-17,1069.308594,139.9551086,109.6725013,1.0105119,-0.062755411,21.19430952,6.119544628,0.694507731,0.003158801
19-11-17,1069.225098,141.5800323,110.1794202,1.233662645,1.25678567,11.97686805,5.920257128,1.567198095,0.196988743
20-11-17,1063.681885,142.1701508,110.334672,0.970430538,-0.011133975,10.22260317,6.015501627,0.469136454,0.021347647
21-11-17,1064.138062,142.5014038,109.7806358,1.009158926,1.268365595,11.45733842,6.063611061,0.3269178,0.03496997
22-11-17,1058.08197,142.4228897,109.8796692,1.127348549,0.354560208,13.45553145,5.821257164,1.818955688,0.143576856
23-11-17,1067.349792,138.3110657,108.6684897,1.144072324,-0.07744666,21.57924328,6.306859284,2.176323598,0.2127603
24-11-17,1109.574036,139.0675812,105.1595753,1.062187731,0.906980371,3.645739709,6.057397062,0.512202386,0.06064192
25-11-17,1121.644287,140.6737061,111.3389152,1.177533126,1.353114246,9.369598856,5.89572331,4.287363421,0.271694024
26-11-17,1112.530334,140.4684372,109.7512656,1.136922544,-0.07744666,17.13610075,5.756178535,0.513737403,0.169061744
27-11-17,1188.882935,141.0269012,107.2311166,1.110399617,1.838761307,16.38314698,6.157992725,3.916595042,0.216150873
28-11-17,1189.003418,139.370636,104.4385591,1.131909512,1.384305849,18.20349878,6.100608828,0.432839432,0.092173185
29-11-17,1190.543823,137.3807602,109.3304337,1.167364401,0.879293831,17.183152,5.940467379,0.220845787,0.095865865
30-11-17,1114.405029,137.7303467,108.8064683,1.172675327,1.088892796,19.21984029,6.002296421,0.242828905,0.096090782
01-12-17,1098.772217,141.4969864,109.1586886,1.21326749,-0.062755411,10.53694357,5.87127252,0.046333252,0.084617184
02-12-17,1092.305359,141.2751083,108.4456021,1.058773444,1.673722286,18.8747364,5.814742989,0.603069495,0.096649951
03-12-17,1001.128784,134.0889206,112.4531555,1.085539262,-0.07744666,15.6415536,6.094553607,0.902287632,0.117457339
04-12-17,1086.177551,134.2501602,110.278002,1.239588528,-0.011133975,9.549553085,6.049413066,0.458282203,0.046121188
05-12-17,1130.01355,134.825386,110.1975685,1.322875711,-0.020347155,11.20400846,5.767027173,0.062423329,0.092081945
06-12-17,1065.46582,136.013916,109.9715572,1.161528199,-0.062978534,4.568527463,5.541450488,0.534064175,0.045860279
07-12-17,1067.379517,138.0630188,105.940246,0.968414592,-0.07744666,29.53749282,6.016827671,0.458736109,0.029104006
08-12-17,1073.5401,141.2359314,92.51452152,1.088672732,-0.011133975,19.2051243,6.295307015,0.13321982,0.127099739
09-12-17,1133.309021,137.564888,90.94882145,1.173640758,1.444533447,11.85037512,5.763095106,0.582765122,0.115644825
10-12-17,1131.066406,136.8942261,106.505587,0.846947551,1.512026904,14.69739262,6.399147612,1.879894027,0.129749416
11-12-17,1124.611877,135.3669205,104.6687468,0.99515374,1.499404299,29.53749282,6.331482547,0.530519447,0.084001598
12-12-17,1106.312012,132.4017792,98.98192819,1.123558047,-0.062755411,9.873726815,6.213840698,0.202817566,0.110182621
13-12-17,1130.461182,131.963501,100.0125691,1.049531254,-0.062978534,29.53749282,5.665907572,0.084164463,0.018720389
14-12-17,1125.175537,131.3956451,96.76307016,0.890737954,1.502966787,15.97341693,6.206610105,0.345602592,0.192175706
15-12-17,1131.63208,131.4500122,117.8159088,1.084222064,-0.062978534,12.8084207,5.819277596,1.624790041,0.182578204
16-12-17,1127.506165,134.7349625,115.8885109,0.928153152,0.996495569,10.56698493,6.339863629,1.652705487,0.188407352
17-12-17,1129.795532,134.4689026,114.8734501,1.015289726,0.727128993,23.20085529,5.809644426,0.425665064,0.053002589
18-12-17,1129.623718,135.1077423,103.9670465,0.936480874,-0.062755411,25.33596698,6.284612883,0.846340476,0.133262413
19-12-17,1147.042664,135.2975082,93.06083814,1.072549774,-0.07744666,20.3377872,6.026058194,0.674614172,0.172878104
20-12-17,1143.671204,133.3174133,92.29461895,1.006770701,0.702164413,17.29805003,6.019307573,0.415417718,0.177085525
21-12-17,1126.888977,135.3575211,94.10441782,1.112590991,1.064300164,9.493622076,5.982289845,1.319500207,0.277133043
22-12-17,1123.679626,134.6185532,91.62137152,1.089079554,0.463265239,14.06317222,5.965047205,0.434851505,0.149863491
23-12-17,1127.517334,133.928772,94.8052056,1.165893666,1.224184622,24.20800602,5.695390304,0.321739682,0.116022674
24-12-17,1128.454285,133.5224609,95.35907212,1.003308579,-0.011133975,13.82146057,6.170083241,0.179225638,0.110285832
25-12-17,1061.298767,133.095314,97.56815191,0.993549495,-0.011133975,15.74130405,6.260666803,1.52147409,0.232377071
26-12-17,1059.542847,133.3698425,97.21986279,0.999154179,-0.062755411,10.93767832,5.722774716,0.411106592,0.182735711
27-12-17,1060.776123,133.9549408,101.1254266,1.053941752,-0.07744666,11.81533371,5.80678357,0.301116835,0.04084535
28-12-17,1089.05603,134.0636902,96.79034077,0.948469997,-0.011133975,12.42408426,5.81391566,0.697548927,0.151493516
29-12-17,1088.606018,133.896492,107.8169875,1.214623964,1.073204131,12.52006771,6.044857603,1.260578456,0.134337226
30-12-17,1102.860352,134.5488205,109.0647798,0.986871662,0.935745553,15.42661259,6.260666803,0.417658183,0.044634577
31-12-17,1118.3078,131.0690918,105.246135,1.112992692,1.66817747,12.92133745,6.433644763,1.772095439,0.158441703
01-01-18,1119.505737,129.7461166,108.891391,1.142091194,0.808035877,14.90803593,6.304338941,0.609933917,0.032184182
02-01-18,1101.195374,133.3953857,112.890013,1.163464281,0.614500242,27.5428393,6.006436604,0.518230674,0.029692817
03-01-18,1110.255493,133.4928436,112.2053739,0.935838136,-0.011133975,8.59895718,6.037321682,0.447273333,0.054034231
04-01-18,1060.948608,131.1356964,110.5589212,1.042559656,0.155435183,7.496681759,6.146618733,0.110529742,0.066477876
05-01-18,1056.627441,129.2893448,113.6880658,0.972287858,-0.011133975,18.10907216,5.979874501,2.977870587,0.256822315
06-01-18,1003.574829,127.4593124,108.6088016,1.091512657,0.950033001,3.596106366,5.923206779,3.402177022,0.246144246
07-01-18,1129.886719,129.8271332,113.0808841,1.089736877,-0.062978534,15.71796352,6.149588942,4.587935454,0.286963048
08-01-18,1111.882019,131.5272751,105.4374438,1.288326027,1.347329499,16.26384557,5.693990962,4.850649681,0.208920814
09-01-18,1101.575562,128.0168304,111.3269019,1.195260744,-0.020347155,12.38079546,5.760212872,0.030774107,0.052654514
10-01-18,1093.467896,129.086113,113.6247795,1.18426542,0.439999586,15.04098333,5.846382818,0.302865944,0.08208786
11-01-18,1100.75116,129.2310562,111.1136919,1.182496001,-0.062978534,16.42564858,6.030188164,3.371986719,0.281285296
12-01-18,1123.470581,131.780632,106.5739541,1.070976588,-0.011133975,21.8242694,5.814091044,3.65935463,0.222661327
13-01-18,1121.746399,131.5460739,110.0932751,1.105403936,-0.07744666,15.86965803,6.032585799,0.782422858,0.11311358
14-01-18,1114.344849,132.9583588,107.6543993,1.07427498,-0.062755411,12.81565121,5.798236414,4.845281272,0.25586842
15-01-18,1126.136841,131.1212692,112.8407803,0.994829196,1.049433671,20.28497152,5.831099616,1.119651879,0.105111523
16-01-18,1061.5271,130.9821243,110.6322961,1.035450134,0.886329607,15.74669821,6.203599635,0.34450898,0.044520097
17-01-18,1139.83551,128.5828247,104.1534499,1.028079645,-0.062978534,16.14167117,5.941177729,0.420898164,0.083705554
18-01-18,1139.091492,129.1989288,115.8846116,0.869263914,1.70404954,16.88957527,5.702325979,2.957860291,0.279804555
19-01-18,1099.021912,128.2966843,121.4275555,1.004236803,0.558467388,13.2088078,6.352896926,0.273842349,0.08553171
20-01-18,1126.155701,125.8282738,104.8912851,0.92123343,1.319678082,11.47748844,5.992294925,0.055946064,0.097804551
21-01-18,1120.687988,126.0437241,109.6164471,0.844382246,-0.011133975,9.242313478,6.185997608,2.257638304,0.298179939
22-01-18,1098.499023,128.0834274,109.3967814,1.074503538,0.913495089,10.15358507,6.120201011,1.105981421,0.195672543
23-01-18,1105.274719,130.664032,100.0405978,1.188973749,0.935265136,13.21056791,5.968945937,3.715043338,0.240011422
24-01-18,1134.954285,131.4995422,85.84835777,1.207722972,1.742714607,7.727297479,6.164940236,1.573617099,0.254005071
25-01-18,1130.276855,129.6345444,86.87785523,1.215296985,0.344623065,16.44509048,5.752589991,0.449303698,0.144380847
26-01-18,1126.894348,132.06427,84.73059903,1.156371789,0.525576362,6.79806458,6.043865566,3.378551519,0.439344691
27-01-18,1136.715393,131.6391449,89.85110067,0.985290886,-0.062978534,17.52776571,6.175396075,1.335190888,0.230456616
28-01-18,1135.618225,131.864006,91.89635211,1.120517548,-0.062755411,7.473381348,6.365247864,0.751124158,0.250502938
29-01-18,1097.649048,131.4301147,88.56192759,1.277597738,0.292574702,23.06056224,6.136427776,0.158502251,0.128824207
30-01-18,1060.762695,133.4904938,94.20982064,1.216657138,0.898827078,15.45500075,6.019887714,1.917512578,0.263475188
31-01-18,1032.623718,136.3542557,96.89146368,0.997743838,-0.062978534,11.77922717,5.65928254,4.745106931,0.369559924
01-02-18,1112.143127,128.0857773,99.73497789,1.027303645,0.925111506,18.43129673,6.154294501,3.683362127,0.303735323
02-02-18,1117.474976,130.2017822,104.0012893,1.315974225,-0.062755411,19.89707786,6.376053742,0.291767686,0.152144094
03-02-18,1121.867065,132.0501556,112.3562941,0.990018079,0.994196436,12.08178275,6.078170615,2.387497702,0.297771492
04-02-18,1122.731506,130.6906738,112.4166032,1.235201931,-0.062978534,11.65378108,5.885217783,0.22948104,0.040982624
05-02-18,1092.099915,130.2588196,104.9549828,1.141733293,0.426117119,17.48437498,5.895105172,0.559218814,0.086627943
06-02-18,1057.697449,130.1648026,89.35055119,0.964840913,-0.062755411,11.90038881,6.112467515,3.454123701,0.38071335
07-02-18,1042.00592,129.8818207,92.94151352,0.879865327,1.455116268,10.96366278,5.880038627,1.723906833,0.270671817
08-02-18,1053.775635,130.6436691,90.66929695,1.110583987,0.842066191,17.26531531,5.957732324,0.040577525,0.17631903
09-02-18,1065.066711,129.7975159,113.5523376,1.142764893,1.196457646,7.262547083,6.107236086,0.622248315,0.033478613
10-02-18,1060.918762,128.7540817,113.4762414,1.269674862,1.120551218,7.667753069,6.257535911,1.731452618,0.142504541
11-02-18,1063.211609,128.2648697,109.4416784,1.085538374,-0.011133975,21.36428559,6.033102396,0.423326958,0.042111625
12-02-18,1111.20636,126.8276672,112.6793602,1.048313066,-0.020347155,20.67723829,6.277281287,0.262694097,0.037046379
13-02-18,1109.383911,121.2607651,109.3358701,1.207778418,-0.062755411,20.84219778,6.366188172,0.813397244,0.107695963
14-02-18,1122.613159,122.9516678,114.3934305,1.222968039,1.098103441,16.3576313,6.099166739,1.235558942,0.125390451
15-02-18,1127.253113,127.9253197,113.0680796,1.221622076,1.508488766,12.84683238,5.801304785,0.640844592,0.061864667
16-02-18,1122.780518,129.1514587,117.6562191,1.053937689,1.114059238,15.18211763,6.198334828,0.245504259,0.084328749
17-02-18,1125.952393,129.7019272,106.7723443,1.052595528,0.899039327,17.70592528,6.314187123,0.319881121,0.095495891
18-02-18,1125.2677,131.5901108,111.4677669,1.274446808,1.633112413,18.91927502,6.050483962,1.900672886,0.173972343
19-02-18,1077.401245,132.7590408,109.3651067,0.884448688,0.412149372,21.83470094,5.915311835,0.573256846,0.015678837
20-02-18,1030.337341,136.5855331,105.6530189,0.969600636,1.049636227,21.59983404,5.792264285,1.832619284,0.163970501
21-02-18,1072.818726,135.573288,115.2560254,1.015264281,1.313923557,9.184801457,6.016509864,0.393343124,0.025551022
22-02-18,1113.137024,134.6600723,107.901534,1.08051491,0.899987506,16.16291453,5.866990118,2.695953071,0.227794746
23-02-18,1109.176636,136.0590439,114.9959144,1.081524376,-0.011133975,16.74809195,5.66094432,1.288390192,0.192254575
24-02-18,1106.438232,136.5853882,109.0456601,1.079562404,1.03972515,17.37103514,5.855250657,0.304819803,0.066263902
25-02-18,1072.195862,133.6963959,106.5398386,1.209005158,-0.011133975,16.693572,6.305801722,4.58249588,0.217637007
26-02-18,1084.978943,133.0826187,109.7119415,0.988468352,0.739237205,11.40143187,6.096388827,0.391135977,0.032920206
27-02-18,1127.334473,136.0756531,112.4885638,1.239125956,-0.062978534,17.15628404,6.316244398,2.499520225,0.260056809
28-02-18,1121.431641,134.5420837,111.0208409,1.094680442,0.373786735,16.96402909,6.16841496,4.72464723,0.264577926
01-03-18,914.129364,136.2017975,105.8162006,1.020190533,-0.062978534,13.71603179,6.09231998,1.292289979,0.167264942
02-03-18,766.9647522,131.4772873,111.8200516,1.065877503,1.342374607,4.454204282,6.182437618,0.539526154,0.047821029
03-03-18,762.1647034,131.4636536,111.9746694,1.211090704,-0.07744666,19.85130722,6.064358649,1.357143853,0.149186226
04-03-18,761.9744873,130.8470535,116.9111058,1.225568559,-0.07744666,7.16725343,6.123375312,0.639661021,0.032849195
05-03-18,772.549469,131.8428421,109.0601799,1.014336434,0.453260916,23.3789932,5.840628122,0.267392153,0.034046588
06-03-18,738.4677124,115.771431,107.8634026,1.14656643,1.398778294,14.83875441,6.18710202,1.078418525,0.11885641
07-03-18,736.2180176,110.5939064,111.393131,0.970757331,1.28221881,12.72975487,20,0.050827616,0.015443521
08-03-18,712.5506897,113.1347237,116.7393706,1.183596097,0.499405477,5.235741908,6.028165814,0.023920232,0.041768483
09-03-18,658.1533508,114.7085686,118.3311746,0.942525154,0.521372121,23.73986564,6.118274339,2.724800892,0.229048876
10-03-18,733.1276855,112.4038925,112.8409367,1.199984239,-0.011133975,5.141876576,5.583128751,0.826195242,0.152467009
11-03-18,738.1500244,111.3683014,108.5232239,1.048012738,1.006784677,18.64562263,5.645720676,0.078837763,0.048343327
12-03-18,737.5251465,115.5670929,106.4325749,1.138776634,1.298309798,7.301111564,5.274627114,1.650257356,0.185658318
13-03-18,735.5979614,115.3188896,114.9721804,1.160886462,1.708847752,16.87844954,6.158395226,0.530021569,0.026916476
14-03-18,739.4439392,115.6742783,107.3749577,1.065658106,1.883083562,17.23199312,6.002770946,0.142098036,0.055846036
15-04-18,996.0671387,130.4611053,91.80761007,0.979126387,-0.07744666,12.32581439,5.981629097,1.856384085,0.219738367
16-04-18,1060.92627,125.1859779,86.82251738,1.118819668,-0.062978534,16.37448707,6.278628796,0.627310551,0.178732884
17-04-18,1046.030518,118.9421539,92.35079995,1.005606816,0.847083108,11.42455423,5.801813605,0.643509625,0.180033801
18-04-18,1112.483215,122.2987175,85.66685948,0.989630104,1.591592009,24.21326878,5.943892369,1.607775892,0.292526193
19-04-18,1121.043091,122.5357971,87.03487538,0.989762082,-0.011133975,12.94872959,5.908762761,0.254069407,0.131072953
20-04-18,1104.227661,124.6453819,87.44092714,1.343111332,-0.062978534,13.31356829,5.857632581,1.982351972,0.259887939
21-04-18,1134.622192,125.3704071,89.33161044,1.101787131,1.031030116,17.58411664,6.181520381,3.825111006,0.383034386
22-04-18,1124.715088,132.7584229,104.8382838,1.088587624,1.44612421,14.56908041,5.906598117,3.002762469,0.255943074
23-04-18,1103.979004,135.1658783,113.3613263,1.056362138,-0.062755411,12.88218874,6.257535911,0.453530534,0.075984095
24-04-18,1101.841919,134.8180161,113.3808729,1.045665594,1.039316063,18.14150632,6.026513417,1.596621889,0.196757184
25-04-18,1105.26239,136.004509,113.6301711,1.135170719,-0.020347155,20.2108146,5.81857852,2.958947498,0.230508659
26-04-18,1126.480286,135.220253,109.1923215,1.190783956,0.739548523,18.84330925,5.906287453,0.09950194,0.004648576
27-04-18,1145.711853,134.8800659,112.903073,1.370388691,0.28223801,11.08504028,6.259994236,0.455066115,0.003242788
28-04-18,1150.825623,136.6175079,113.8988487,1.153747522,2.30044939,11.68259951,5.997136298,0.063079561,0.012740783
29-04-18,1375.615906,136.1098099,114.4411704,1.097812339,1.222720173,20.08240988,5.778828816,1.68392967,0.197682875
30-04-18,1135.526001,136.1704559,112.3847955,1.164635727,-0.011133975,20.36917204,6.082958405,3.002552561,0.294518044
01-05-18,1081.720459,133.3551102,111.475281,1.087014181,-0.07744666,16.41908813,5.976866118,2.941841236,0.278336541
02-05-18,1037.624573,120.5080032,115.6008819,1.125430828,-0.07744666,21.73764634,6.244931061,0.539526154,0.090216318
03-05-18,1088.086243,114.3984871,113.172532,1.214893318,1.412732121,14.7607756,6.091665288,1.203371825,0.146046724
04-05-18,1146.528992,118.8763428,108.361824,0.990178124,0.894201827,13.87134583,5.760608227,0.672756477,0.009960311
05-05-18,1145.579956,120.1062393,110.601678,0.952948658,0.601164155,20.24886989,5.876179396,0.136503819,0.054719307
06-05-18,1141.672424,123.0394096,105.1470192,1.183665048,0.688449231,14.22894984,6.12315622,0.111190171,0.103101218
07-05-18,1138.755188,124.5118752,108.7105546,1.216912244,0.30740477,10.16802357,6.079273418,0.216128664,0.069055613
08-05-18,1136.981018,122.0675926,109.4838351,1.30245604,0.378491755,21.06590606,5.923841719,0.840781986,0.148327427
09-05-18,1110.631165,122.3946114,117.3338872,0.922647643,0.516452089,23.04755696,5.913266379,4.269680136,0.262827686
10-05-18,1107.046021,122.4942741,101.5228658,1.303513759,-0.062978534,18.92433314,5.837988075,0.227574453,0.070137458
11-05-18,1102.458069,123.0170021,103.1349994,1.188115427,0.478424861,18.62113299,6.105148914,0.286059063,0.078203955
12-05-18,1099.771606,119.1699791,101.8621238,1.037972352,-0.062978534,12.54689896,6.118042033,0.7181624,0.11343859
13-05-18,1089.911743,118.5170364,101.4846421,1.061618147,1.224882623,9.506066332,6.06097541,4.018215153,0.265891066
14-05-18,1108.852295,117.8175507,91.78389441,1.160066371,-0.07744666,18.46060997,5.940744948,1.684965755,0.212804257
15-05-18,1107.237671,116.6595764,85.35109104,0.769269673,-0.020347155,9.205649491,5.967241664,0.863096743,0.233008617
16-05-18,1115.731201,131.211525,97.55389799,1.042036342,1.124683724,14.36594991,6.083461954,1.293135832,0.20841378
17-05-18,1114.272339,133.9121704,95.0513749,1.039231736,0.512959934,11.17842538,6.285436628,3.94372904,0.371239688
18-05-18,1116.826172,133.4770279,96.3144016,0.942264031,1.380766625,8.584808304,6.19968646,0.044242292,0.160583694
19-05-18,1117.721252,132.9071198,98.44594778,0.993857678,0.439713208,22.04163832,5.591076795,1.67124002,0.274885237
20-05-18,1124.993225,134.8918228,98.18552524,1.075010972,0.491325478,12.06058495,5.91190532,3.603392108,0.341252758
21-05-18,1123.9021,134.340416,99.42421618,1.1053568,0.606424115,7.578042301,5.738590904,4.518656837,0.308016801
22-05-18,1129.370728,132.5315247,96.20015241,1.087802301,-0.011133975,18.41565528,5.808223848,1.526042721,0.200046105
23-05-18,1128.740601,131.6440048,93.21198166,1.135394246,1.051612964,4.440346596,6.137054805,0.052324301,0.133219663
24-05-18,1072.161255,128.6729126,109.6721504,1.229306087,0.827121315,11.00675905,6.200988079,2.50334323,0.266218903
25-05-18,1059.896118,129.9072037,105.6836096,1.18165592,1.228417549,14.40560138,5.980473597,0.245932863,0.002214394
26-05-18,1093.687927,134.6053925,103.8733089,0.887734586,0.312870549,10.69151638,6.072825552,1.463205969,0.11918709
27-05-18,1100.414368,135.7205811,108.5958361,1.08875471,-0.062978534,3.288726166,20,1.084175743,0.167163838
28-05-18,1080.021057,135.7677536,105.6674241,1.173845754,1.056769042,17.15602299,5.843753114,0.876936818,0.104718848
29-05-18,1056.594543,133.8089066,106.4239611,1.177423644,0.52384284,3.596106366,5.957614469,4.961641244,0.240334841
30-05-18,1053.482117,132.4581985,110.3839847,1.232355195,-0.07744666,20.32285444,6.219051675,0.539405863,0.083424902
31-05-18,1064.683044,133.986908,109.4205759,1.117595847,-0.020347155,19.62353046,6.411453872,1.325110696,0.116890359
01-06-18,1138.132141,136.2030487,109.1631923,1.044991427,1.148375907,21.25809442,6.034767886,1.776578837,0.110513885
02-06-18,1089.466553,132.9470825,115.8433698,1.036737352,1.514554279,10.47552992,5.715459233,1.573244731,0.136386266
03-06-18,1094.391663,133.0805817,110.6770269,1.194991734,-0.062978534,7.288809268,5.948268886,4.9802696,0.274781938
04-06-18,1090.712463,134.2199097,105.0101512,1.093948018,1.796618554,12.15459464,5.981204251,3.258379773,0.285778584
05-06-18,1092.736572,134.9402313,107.4813933,1.287128755,0.863731638,-1.177838148,6.073886065,0.006319444,0.005576738
06-06-18,1090.066467,135.6046219,115.9133838,1.210787123,0.455706077,11.56447805,5.698862118,1.841485935,0.138718846
07-06-18,1087.918091,135.7657166,110.1502178,1.087503601,0.994633081,8.434558323,5.979477397,0.055665438,0.025957569
08-06-18,1128.535339,137.9313889,122.8502582,1.012310177,0.35728574,3.645739709,6.251533184,1.228566341,0.18363671
09-06-18,1134.396912,139.4247513,120.0352969,1.029828715,1.197658437,9.274351501,6.105200612,0.09165318,0.063223351
10-06-18,1131.890259,139.55867,117.4754318,0.951260027,-0.020347155,21.34869248,6.030759208,0.445296824,0.036581832
11-06-18,1136.207764,137.2438126,116.3508108,1.151683171,0.819998513,18.0608655,6.308330745,3.260400015,0.210088656
12-06-18,1133.433289,138.5863724,117.3157382,1.145042342,-0.062978534,14.65447038,6.150502305,0.027602614,0.024566937
13-06-18,1139.501953,137.289093,115.674573,0.920222777,1.264317762,19.0171748,5.909317275,0.063017008,0.013741423
14-06-18,1134.188354,138.4283371,120.9111631,1.089242592,-0.062755411,11.33776485,6.116161746,0.337976883,0.098319793
15-06-18,1132.612793,137.9544296,110.8558335,1.063535336,0.818609918,19.06882519,5.83041812,1.150248492,0.130060902
16-06-18,1071.812866,134.9510574,107.6733709,1.358552405,0.954640638,13.97489924,6.147189374,0.106918589,0.06970939
17-06-18,1081.900208,132.2137451,110.1972331,0.795170214,-0.07744666,18.37960435,6.042785674,0.046315948,0.020045683
18-06-18,1091.678467,130.7442703,108.1444961,1.116810263,1.702332743,15.91531136,5.68522151,1.336144535,0.191097037
19-06-18,1058.511414,135.5629501,114.0176405,1.110999686,0.962227503,21.50752367,5.923928579,3.673345861,0.218351248
20-06-18,1061.653137,135.2373352,110.7901929,1.086248876,-0.062978534,14.13509107,6.155366073,3.031084007,0.269759366
21-06-18,1062.004028,136.1442795,113.947368,1.218044521,0.647222953,12.71005011,5.867237172,0.673381132,0.020524668
22-06-18,1067.991394,136.2436371,103.9116945,1.085310066,1.27957203,20.01908549,5.683618098,1.075999313,0.150621557
23-06-18,1115.0625,135.9206772,113.9728605,1.016347504,1.015239084,19.67078341,6.094139486,0.037764924,0.092823573
24-06-18,1121.145142,135.7433014,110.1203641,1.07382859,-0.062978534,18.12939589,6.270437198,0.58306318,0.023419252
25-06-18,1121.205505,135.5811234,107.8207878,1.256240677,0.195996778,9.326469826,5.89873944,0.991216617,0.143614188
26-06-18,1108.27478,136.2846909,116.5548088,1.188115427,-0.062978534,3.288726166,6.348520306,3.997323264,0.283780847
27-06-18,1108.079773,135.3310471,111.8071747,1.109986984,1.175795476,22.01650227,5.844896526,0.503877845,0.082251842
28-06-18,1117.142883,136.0331802,117.1591822,1.082200174,-0.011133975,13.47946102,5.796799185,3.347662896,0.257714216
29-06-18,1103.776855,134.4358368,109.8194477,1.17768644,1.000885166,10.23080041,6.070585703,0.329425635,0.085714989
30-06-18,999.7945557,130.8486176,90.08632229,1.067840167,-0.062755411,22.50593793,5.778381779,1.965456914,0.290828671
01-07-18,992.6751404,130.5383606,88.57597371,1.1612003,1.144132529,16.55065719,5.580700089,0.03974683,0.108079701
02-07-18,1022.550385,129.9855423,85.13855685,0.962915251,1.11630507,14.7764672,6.158347338,0.814475614,0.234008967
03-07-18,1054.943665,131.8752899,85.97110986,1.015633956,-0.020347155,27.5428393,6.034374041,3.014694745,0.408162048
04-07-18,1134.531799,133.565712,94.37048215,1.092168016,1.911286747,13.20892218,6.260590212,0.63314576,0.113124067
05-07-18,1128.999878,133.1235199,81.28675103,0.968683234,0.261500199,17.64481842,6.258761291,1.999135576,0.230203189
06-07-18,1121.045105,131.8188782,74.08364587,1.129442607,0.735623668,16.53269891,6.265009578,1.620085984,0.252308658
07-07-18,1190.579041,131.6040573,83.80708336,1.200274505,0.658295149,15.77107436,6.116782046,0.828197544,0.297089728
08-07-18,1195.864807,132.6235046,84.97861242,1.15978975,-0.062978534,18.29801456,6.113746804,3.237068169,0.437169224
09-07-18,1118.37793,133.3281631,79.84873839,1.077428709,-0.07744666,16.94389911,6.139972776,0.117200029,0.162221272
10-07-18,1120.761536,131.172348,105.2426787,0.956750024,-0.020347155,14.26511058,5.898693685,0.367563345,0.066163351
11-07-18,1128.311035,130.4158325,100.9413484,1.040746257,1.042784263,16.63733983,5.730434996,0.722807574,0.15204678
12-07-18,1124.534119,131.0987015,88.50260299,1.242902608,0.325973783,12.08544595,5.78117152,1.931737546,0.272481141
13-07-18,1132.24469,133.8228455,79.86231756,0.984922194,1.044821521,6.172177157,5.833415624,1.419024367,0.15204678
14-07-18,1136.531555,133.9665375,94.42516814,1.055079861,-0.020347155,26.14290999,6.294139003,1.18097467,0.25666628
15-07-18,1062.888184,131.7649689,104.8964953,1.086501116,-0.020347155,18.11790934,5.931963958,1.953656349,0.126265287
16-07-18,1041.839294,131.2228088,99.75574152,0.989224463,-0.062978534,18.73931319,5.975472406,2.119123201,0.300223647
17-07-18,1033.873718,132.2101364,102.3071367,1.254424025,1.681078857,21.2230063,5.92065439,1.107901716,0.115193579
18-07-18,1088.422668,133.3665466,105.7520025,1.313878169,-0.062755411,13.19395479,6.190494838,0.609150753,0.000842614
19-07-18,1145.455688,134.1331024,101.5556215,1.042161267,-0.011133975,19.28297882,6.176267219,0.175825974,0.091413669
20-07-18,1117.123352,133.2159729,103.2837471,1.102285608,1.437413675,12.22925349,6.030132106,1.165160838,0.181826954
21-07-18,1126.083435,135.0793915,99.74591636,1.15699537,1.549042614,4.365134044,5.838254932,1.409507315,0.286026501
22-07-18,1130.932678,134.7465591,106.1671738,1.243309172,0.914243789,14.47034589,6.245739794,0.212610441,0.01846393
23-07-18,1049.747314,131.9730606,112.1097549,1.134000108,1.547767407,17.86635085,5.99825661,0.462371339,0.083050872
24-07-18,1061.657959,131.6383667,109.715546,1.010879578,0.830526481,24.86010161,6.144552656,0.211180658,0.180869348
25-07-18,1053.113464,130.3616104,111.6915165,0.906057352,0.006502226,18.71244995,5.768642335,3.707910509,0.287544614
26-07-18,1049.914917,128.2518768,108.9069957,1.092101168,-0.062755411,15.84293571,5.991040507,0.830253123,0.179556259
27-07-18,1060.317688,128.1127319,113.7329036,1.064016755,-0.07744666,13.05430633,5.751432045,4.703297656,0.297662297
28-07-18,1051.078369,124.9951248,103.0608822,1.177145207,0.624214203,11.64260994,20,1.471125079,0.1116361
29-07-18,1050.552307,126.3154335,113.3001344,0.953704674,-0.07744666,4.189401592,6.081102771,1.03162575,0.136256251
30-07-18,1084.94519,127.5622597,88.94662814,1.116810263,1.322619565,9.977643857,6.402717867,3.292835137,0.386900152
31-07-18,1088.855164,130.5609283,91.08000009,1.17768644,1.306298505,7.43881646,5.699943455,0.265543796,0.147160348
01-08-18,1083.195129,129.3014145,92.78562412,1.081340839,0.193613536,23.41555926,6.164638738,1.09146556,0.261407501
02-08-18,1037.014465,126.6443405,96.95260403,1.256369436,-0.062755411,13.17848391,6.24210632,1.581720225,0.256077415
03-08-18,1050.066711,125.5269432,86.48064294,0.970089584,0.666535797,9.251423307,6.142141619,3.610618387,0.404481505
04-08-18,1138.297302,128.1716461,82.5564884,1.17175848,0.756673945,21.64104001,5.871078696,1.818761991,0.290212651
05-08-18,1137.853577,131.7718658,82.65989462,0.98828945,-0.020347155,4.584361356,6.162711723,0.07814789,0.197522916
06-08-18,1172.039795,130.8989334,104.7122342,1.169850508,1.374438898,19.09322164,5.867217721,0.248239908,0.032789464
07-08-18,1172.370789,128.3703308,98.28925346,1.053241737,0.169497561,22.68544709,6.155181845,0.599131667,0.157560992
08-08-18,1170.008606,129.9949493,101.8968071,0.928399285,-0.062755411,20.16633167,5.621057342,1.129454577,0.126664316
09-08-18,1076.885376,130.3576965,94.01099045,1.161224101,-0.020347155,9.123304839,5.863765018,0.418217366,0.158893211
10-08-18,1031.437683,129.9537354,107.3280029,0.908086838,1.2810612,12.44966431,6.10708493,0.668653505,0.051532895
11-08-18,1064.91864,130.6867599,97.86424965,1.073620402,0.719122494,13.07029909,5.698359531,4.86200868,0.357812266
12-08-18,1079.614807,130.9764786,85.78720839,1.149294324,-0.07744666,17.98930535,6.200896389,3.22932733,0.41796503
13-08-18,1062.503906,131.7925491,77.28728376,1.169850508,-0.008522221,11.86260063,20,0.369960297,0.197142027
14-08-18,1065.212463,130.8714981,90.84574976,1.116556366,1.105694722,9.580249601,6.246862364,1.859444442,0.265337318
15-08-18,1061.075439,129.6210709,82.80289476,1.142681144,1.161419252,17.28265459,5.973252575,0.90918051,0.24673648
16-08-18,1133.969299,127.5989265,85.25921243,1.080564499,-0.062978534,9.633928338,6.260590212,2.087506145,0.425203687
17-08-18,1136.377869,126.7729836,85.55748137,1.168287397,1.731419208,12.42502518,6.130062026,3.569511992,0.422839783
18-08-18,1133.253723,127.3660774,92.99445322,1.083199444,-0.062755411,9.776242171,5.947424334,0.245614379,0.124491387
19-08-18,1139.945557,126.6103325,94.8106918,0.91695824,0.2430658,16.17881458,6.117572414,1.108896924,0.280859462
20-08-18,1134.356567,127.7126846,94.46654133,1.233458887,0.54524224,17.40157257,6.140142828,2.315470207,0.374631588
21-08-18,1133.850586,127.127739,104.9515798,1.030358638,-0.07744666,16.28652102,6.164393722,1.268046993,0.13502507
22-08-18,1136.209961,129.9516983,115.922454,1.032823115,0.985776961,21.39318295,5.962243426,0.744728879,0.046401126
23-08-18,1133.343079,130.7470856,110.2280668,1.240767089,-0.011133975,20.02987855,6.250491682,1.416273493,0.14674264
24-08-18,1134.199341,131.170166,108.9710063,1.202927617,0.80333044,9.776242171,6.425284331,1.026783907,0.142444756
25-08-18,901.7744751,131.6968079,101.8718281,1.005403887,1.195066787,9.598415164,5.991604232,2.468012489,0.255446855
26-08-18,862.6723633,133.8670349,108.71959,1.315904096,-0.011133975,16.03826383,5.793078896,2.350824267,0.236999034
27-08-18,861.3463135,138.3773499,104.9420162,1.177533126,1.236716546,14.26928417,6.128162814,1.840010432,0.100481465
28-08-18,937.7442627,134.8310242,118.1228432,1.01176898,-0.131385634,15.34230898,6.036962107,0.698535055,0.024915154
29-08-18,1039.182373,132.5066147,118.7029458,0.943434736,-0.062755411,14.82885053,5.679704551,1.268163181,0.134679388
30-08-18,1068.105957,130.9106827,118.6568019,0.85670579,1.293108603,20.40279708,6.094958747,4.378714531,0.266550325
31-08-18,1072.107117,131.5499954,115.6732075,0.970054607,-0.020347155,18.93170214,5.973027155,4.468349262,0.247842606
01-09-18,1126.797485,130.9561081,118.7513509,1.191262301,-0.062978534,12.55360794,5.942474453,1.640454744,0.183828573
02-09-18,1142.210632,132.0144424,110.5209465,1.158002564,-0.062978534,14.08330928,6.152134911,3.356690343,0.21222235
03-09-18,1121.475403,131.7833023,116.4142984,1.21669187,0.821572068,13.37657827,6.038977616,0.063244021,0.095739002
04-09-18,1116.577332,131.9895248,118.9308532,1.166520825,1.200818468,21.98955225,5.608753556,0.036670484,0.092574293
05-09-18,1102.754944,131.4747772,107.0293444,1.050051759,-0.07744666,4.334271948,6.073866361,0.440038787,0.140230154
06-09-18,1171.591248,131.8546066,106.8417596,1.027245564,1.830159283,23.50185421,6.082833715,1.111895695,0.161480959
07-09-18,1196.71283,126.4483109,114.0109958,1.223532535,-0.020347155,15.27616652,6.027583248,2.280250808,0.272726048
08-09-18,1197.391418,125.8563232,109.9219863,1.147074112,0.86442527,20.28693353,5.86209176,0.474085853,0.049665118
09-09-18,1199.028137,128.6204224,106.7376407,1.039013775,-0.062978534,13.5806922,5.972277525,2.995589778,0.239617002
10-09-18,1200.567261,130.4766312,112.4104303,1.196873766,-0.07744666,24.21716588,20,0.241323201,0.041377352
11-09-18,1204.120117,130.4908905,106.0992648,0.995972113,0.884845306,11.98355871,5.843215885,4.002285271,0.201086964
12-09-18,1198.755615,128.0431557,106.3654537,1.148231884,-0.062755411,2.223874288,5.574713692,0.667645382,0.012384915
13-09-18,1128.470947,126.529953,107.36976,0.985231522,-0.07744666,15.58442403,6.085827256,4.724505262,0.240771399
14-09-18,1115.158142,125.6494827,105.0480413,1.245002931,-0.062755411,13.56858219,5.954621219,0.228145874,0.028907793
15-09-18,1057.749512,123.677948,109.3730804,0.97110857,-0.062755411,19.63159442,6.186549741,0.383299413,0.043139441
16-09-18,1082.766296,123.1845169,106.7048041,1.112717164,-0.062755411,2.223874288,6.034889271,0.411400557,0.087822349
17-09-18,1087.744629,123.5077744,99.56971432,1.175502348,0.998279033,13.06420336,6.005898218,1.12884658,0.265435599
18-09-18,1088.243286,123.6676025,95.89096114,0.992848334,-0.020347155,3.288726166,6.289436005,1.073714547,0.264605639
19-09-18,1076.187378,123.1125908,101.8057313,1.160540654,1.047433333,16.63207693,5.840201878,1.947418584,0.168390251
20-09-18,1118.296326,123.6393967,104.2639109,0.824536419,2.166379088,16.19096922,5.908044601,3.557564665,0.277421612
21-09-18,1127.239441,126.065033,98.50754188,1.057864752,-0.07744666,3.718574342,6.260590212,0.565460464,0.110915729
22-09-18,1135.669006,127.3079185,103.0570775,1.12671579,0.641947104,25.19680073,6.432452216,0.102579353,0.012131985
23-09-18,1132.320679,126.4280968,101.3251908,0.983612149,-0.07744666,15.96847236,5.877637925,1.918980306,0.127989406
24-09-18,1122.96283,127.3320732,98.38783531,1.2234927,1.621227203,14.09805966,6.402055971,1.687787829,0.263995996
25-09-18,968.7710266,123.3089256,93.48442171,1.005853051,-0.062755411,8.889500607,6.015858135,0.020188528,0.134387007
26-09-18,1065.406555,123.0266953,106.6224591,1.171113706,0.658375141,12.05069132,6.201816437,1.520490059,0.109952073
27-09-18,1053.542908,120.4970322,117.4857057,1.298956617,1.145302977,7.865717356,6.342216064,1.978753185,0.197345673
28-09-18,1132.363037,125.322773,119.7672824,1.083755185,0.800447831,27.5428393,6.103962679,0.681795525,0.024145763
29-09-18,1134.407837,123.1768341,112.6936854,1.103350306,-0.07744666,19.76775682,6.388932455,1.617215992,0.163500039
30-09-18,1118.490356,123.4466667,107.345748,1.186321704,-0.020347155,19.49962906,6.310781899,1.141044948,0.19453616
01-10-18,1109.342712,123.0417633,110.0862763,1.160099666,-0.020347155,8.850931451,6.32239975,1.062337298,0.160607212
02-10-18,1084.268372,120.8821945,109.7013952,1.065738634,-0.07744666,23.51709423,6.3582614,0.278000579,0.021349739
03-10-18,1116.19635,121.4522476,107.5483819,0.894945662,1.345814929,19.93409164,6.144798373,0.947655413,0.128009325
04-10-18,1128.521545,126.0283699,112.5694804,1.172833914,0.624734736,20.1424916,5.821856344,0.627676593,0.082092055
05-10-18,1076.212891,122.5295296,109.1671266,0.989320426,-0.011133975,14.75564606,6.259994236,0.795388642,0.122983888
06-10-18,1092.558411,123.840126,109.641959,1.181966232,1.312358363,11.09540161,6.077546742,4.960938808,0.218975072
07-10-18,1116.381897,125.6549644,98.71861777,1.139936091,1.102193928,16.3347675,6.142545301,0.60033563,0.13604398
08-10-18,1108.084717,125.6861458,104.2387131,1.134514135,1.379403447,11.54134046,6.013303896,2.289639548,0.252194055
09-10-18,1104.913818,126.2938156,101.3051718,1.098504214,1.829858713,11.70884182,6.211906141,0.148432599,0.061335049
10-10-18,1094.781799,125.8281174,99.11833422,1.037875543,-0.062755411,10.2835654,5.790903778,0.211180658,0.189278366
11-10-18,1115.463257,125.525692,106.220093,1.134160744,-0.011133975,23.52531468,6.062115273,1.672408496,0.190989691
12-10-18,1116.205139,122.7421646,102.0664308,1.141767187,-0.011133975,21.26949279,20,2.453944259,0.267302241
13-10-18,1121.912903,122.8257561,103.0781565,0.991452467,0.666730363,8.29178618,6.129176986,1.678617456,0.145455056
14-10-18,1119.346313,122.2501411,102.633295,1.040720312,-0.020347155,16.13735358,6.132104014,1.366916381,0.148386011
15-10-18,1119.908875,122.4083977,111.6993881,0.960721716,-0.011133975,16.95723766,5.952175376,0.258467278,0.048319433
16-10-18,1114.22937,121.1864967,110.0725586,1.020311174,-0.011133975,15.79351851,6.103248711,1.981112098,0.177891037
17-10-18,1109.402161,121.5824928,87.13008472,1.153540799,2.002057029,16.96221833,6.095071839,0.929288561,0.291749414
18-10-18,1084.87323,122.4911346,97.87609628,1.178979628,0.665128984,22.31879757,5.838894126,2.444215219,0.347353438
19-10-18,1097.668091,125.1337967,94.74521088,1.139549734,-0.020347155,11.13760726,5.841427347,1.400563457,0.27845233
20-10-18,1089.791626,125.8224754,97.36633621,1.05306592,-0.011133975,21.45937272,5.926671047,0.422879262,0.144828711
21-10-18,1076.881592,123.7152481,102.2276054,1.136880851,-0.062755411,16.98253214,5.833857864,0.444372484,0.079395663
22-10-18,1138.937439,119.948452,89.58484538,1.226184372,1.07293318,6.888752652,5.847917307,0.784590298,0.211281257
23-10-18,1133.09729,119.9461021,89.58685479,1.00510525,1.120018482,9.950945761,5.943411989,0.027600263,0.176251607
24-10-18,1134.084106,119.7959785,90.24639364,1.13394603,-0.011133975,20.08240988,6.072311824,0.010369667,0.156254069
25-10-18,1126.554016,124.7672882,82.36078922,1.169429509,-0.07744666,13.28305416,5.990613848,4.151662311,0.443259811
26-10-18,1075.555115,123.7816772,84.95342844,1.263331371,0.677252009,15.64869166,5.965648467,0.400780374,0.162186837
27-10-18,899.8018799,120.7869263,84.91010126,1.134697388,0.52557901,3.288726166,6.234844347,1.917286299,0.249090646
28-10-18,1058.948059,120.9016266,103.5898533,1.030826194,1.255656946,3.288726166,5.781925101,1.567149368,0.172293697
29-10-18,1066.834534,121.7332039,107.1585752,1.212526614,0.821195672,18.66252642,5.650045995,1.04250152,0.141599987
30-10-18,1057.038818,116.0240211,102.9896741,1.267138389,-0.07744666,4.845712335,5.718726575,0.996538494,0.119938573
31-10-18,1057.781677,117.6961136,105.4494402,1.183813457,1.056486362,6.271816289,6.033653546,1.712509235,0.114206451
01-11-18,1056.288574,119.1369247,102.9590484,1.209963864,0.902215951,8.679262912,6.085378436,3.20192272,0.225807747
02-11-18,1072.602478,121.9680939,98.44274018,0.93578356,-0.020347155,11.02233813,6.17271665,4.062120052,0.331652741
03-11-18,1061.185425,122.2197418,101.1834118,0.962231567,2.154473252,13.07390959,6.0891419,1.406046979,0.156826416
04-11-18,1063.816956,121.5697746,111.7526671,1.260702672,1.237127017,29.53749282,6.260666803,1.353864093,0.112684854
05-11-18,1066.414551,122.107235,115.5510033,1.10329417,1.727256091,5.235741908,6.076239145,0.912843091,0.199289883
06-11-18,1117.506775,123.5638733,100.5309429,0.998120403,-0.020347155,19.18226701,6.181773404,3.786136705,0.219266678
07-11-18,1151.317749,124.250351,100.0930826,1.097425599,-0.07744666,13.89249646,5.664700118,0.937860236,0.133508309
08-11-18,1198.418945,121.3833084,99.84742349,1.049726448,0.684095559,20.7969149,5.896706528,0.094559497,0.142629541
09-11-18,1197.579529,117.5768738,103.9457849,0.972931268,1.679197346,18.54245581,5.891570934,0.992059522,0.186212448
10-11-18,1018.804321,122.6624107,103.4391954,1.175444003,-0.07744666,18.24714537,6.19430514,1.481912796,0.121839258
11-11-18,1010.026306,122.0975227,102.8925099,1.012066251,1.046400724,7.057494854,6.055645903,1.691177227,0.175168042
12-11-18,1015.23233,122.3330154,107.7186051,1.113025654,-0.020347155,11.1413418,6.311420397,3.513418914,0.223646682
13-11-18,610.068573,126.4653931,116.5685134,1.229879425,1.205832984,18.92269797,5.82019091,2.364632045,0.266698474
14-11-18,609.5263367,127.1927681,115.8816044,1.142139955,-0.062978534,19.8976944,5.982966664,0.568291302,0.092831384
15-11-18,652.2722778,124.521595,108.4495791,1.221808511,-0.062755411,15.48017192,5.894645034,1.439536439,0.125915099
16-11-18,658.7185669,120.6068802,110.3509121,1.229181761,-0.020347155,8.539296115,5.80888238,1.687686499,0.123315323
17-11-18,725.5599976,123.5663834,107.1875145,0.976043644,-0.062978534,18.71794919,6.022700161,1.476008272,0.142557938
18-11-18,730.8765869,125.3291931,112.0503871,1.010519564,0.836374691,8.928802566,6.324878169,0.857948163,0.195064654
19-11-18,803.9728699,127.814476,99.82679994,1.173696273,1.759666157,13.79333325,6.326671661,0.056434526,0.138489572
20-11-18,836.1242676,133.8054581,102.7749837,1.278521675,-0.062755411,6.175749974,5.869226258,0.873728616,0.175869367
21-11-18,840.9941101,137.547966,96.83563174,1.141462651,1.193660173,-1.177838148,5.972689483,0.392630451,0.112470081
22-11-18,1022.608459,136.1790771,98.47181049,1.222369772,0.334057158,13.65309298,6.180069341,1.42221949,0.235377248
23-11-18,1035.977295,143.5847855,97.63825919,1.29084562,-0.011133975,4.086666308,5.942185608,4.260551674,0.358909255
24-11-18,1034.413452,143.0291443,98.92573194,1.107565986,-0.07744666,21.62448026,5.46994826,1.099753362,0.251030034
25-11-18,994.8994141,140.6918793,111.0279032,1.133704504,1.695510215,14.08982741,6.257535911,1.997526193,0.195012199
26-11-18,976.8318787,140.7386551,104.5468176,1.233786836,-0.011133975,28.07627536,5.959508232,0.656555556,0.039316936
27-11-18,954.7293396,141.2087555,109.1716636,1.09362244,0.998045881,20.17624683,5.715148795,0.813397244,0.033903562
28-11-18,954.4969482,141.3893356,115.593077,0.953380801,1.218484975,13.80243899,6.160636145,0.303560702,5.98E-05
29-11-18,955.8054199,139.7421646,115.5362728,1.148646337,-0.062755411,12.35809028,6.00762781,2.237571499,0.228155328
30-11-18,963.4302063,136.1272049,110.0848267,1.037225855,-0.062755411,13.20479954,5.567997545,0.449303698,0.056051833
01-12-18,801.0610962,138.9766998,110.4477462,1.139108695,-0.062978534,16.52735198,6.011596735,0.622248315,0.073925319
02-12-18,844.8611145,136.2832794,108.6528033,1.033602152,-0.062978534,8.107296834,5.903047775,0.151494475,0.04135904
03-12-18,942.8427429,129.9385376,108.475283,1.005714571,1.330518839,19.30269699,6.078484706,1.688567297,0.14886272
04-12-18,1040.215332,133.6728439,105.9745448,1.005370717,0.849473487,10.09666224,6.019515489,0.80177301,0.173046681
05-12-18,1057.836609,136.3807449,107.8135684,0.962880434,-0.011133975,8.677241831,6.301535958,0.189733721,0.043311945
06-12-18,1069.030823,136.9048843,111.5354978,1.049283065,1.639754504,15.45508664,6.226359655,0.637615348,0.055212565
07-12-18,1066.24762,135.0751572,106.7521598,0.906845201,-0.011133975,13.02015105,5.890224327,1.549309145,0.124714469
08-12-18,1118.039185,138.106308,112.1571062,1.153320021,-0.223902397,15.75169576,6.32946212,4.89734618,0.251254746
09-12-18,1187.609558,136.4224167,106.9855674,0.977335871,1.362563485,20.80399887,6.238522127,3.173470031,0.247564685
10-12-18,1194.885559,137.3301468,110.3954518,1.052493474,0.173351564,19.70515898,6.259994236,1.091307286,0.196870742
11-12-18,1189.885315,138.0659943,113.3049507,0.934381196,-0.07744666,13.6996051,5.976224854,0.024102683,0.092857421
12-12-18,1191.559753,137.3442688,102.7594355,1.058333159,-0.07744666,16.57467116,6.106476839,0.44788206,0.084977411
13-12-18,1125.422119,137.8337631,116.2751148,1.099524142,-0.062978534,27.61632289,5.752132685,0.244670051,0.020408311
14-12-18,1125.346375,139.1564331,113.9556366,1.151011018,-0.07744666,20.43008327,5.861482101,1.778920708,0.127148406
15-12-18,1127.477173,142.5513916,119.8483985,1.095212212,1.26645404,12.85340968,6.035218723,0.888942633,0.106228201
16-12-18,1127.34552,144.5274582,119.5709282,1.085428303,2.336587513,9.506749621,5.879355297,0.946244696,0.185885321
17-12-18,1111.984924,138.2172012,117.9808342,1.107274931,0.861128151,14.48414842,6.026206728,0.492175878,0.064215409
18-12-18,1065.848999,136.7447433,115.9614119,1.003124816,1.223408219,10.96717508,6.256081424,0.265433249,0.095295132
19-12-18,1126.001526,136.9844818,111.7642222,1.020910753,-0.062755411,5.939169436,5.760551849,4.09553969,0.203022445
20-12-18,1144.156494,137.1637497,119.4756054,1.233199866,0.212945223,8.889500607,5.969629935,1.763409285,0.13067241
21-12-18,1131.191284,135.7458115,97.91739156,1.067231465,-0.062978534,5.141876576,5.987607972,1.310312488,0.200151398
22-12-18,1092.90625,134.2518768,103.7907345,1.063945623,-0.062978534,7.36946834,5.501180924,0.823305177,0.195551406
23-12-18,1144.802795,137.7982025,97.57791309,0.917576958,-0.062978534,11.12503386,6.021491214,0.842528816,0.25174041
24-12-18,1155.37854,136.8017731,104.5907369,1.132686831,1.610663499,11.82196783,6.004149678,1.842929183,0.146953054
25-12-18,1098.420959,138.0420227,96.06902374,0.987874937,0.420634988,10.65379506,6.289436005,0.504485185,0.189807466
26-12-18,1099.373596,137.8329849,112.5640296,0.972233016,0.299295869,17.57879273,5.854961927,0.511934996,0.056757038
27-12-18,1072.688049,138.057373,114.5197755,1.033234322,0.400375864,21.87316331,5.880223686,0.574672908,0.050947543
28-12-18,1067.836792,138.5946732,108.3189071,1.013021246,1.157925845,18.70001012,5.940294254,1.282050018,0.147208087
29-12-18,1073.134399,139.4248505,110.1899526,1.219042561,0.575615486,11.65654229,6.040538437,0.111397264,0.096640341
30-12-18,1072.644775,140.9234848,112.1144599,1.080596338,-0.020347155,19.603671,6.294535159,0.609767282,0.015867684
31-12-18,1079.447266,138.847908,110.9686965,1.020174198,-0.011133975,16.04514123,6.145856216,0.225949878,0.064849663
