DateTime,Overhead_Temperature1_degC,Overhead_Temperature2_degC,Overhead_Pressure_kgpcm2G,Accumulator_Level_pct,Overhead_Sulphur_wtpct,Overhead_TAN_mgKOHpg,Overhead_Chloride_ppm,Overhead_pH_pH,Overhead_Salt_ptb,Overhead_Corrosion_Rate_mmpy
01-01-17,114.7933126,113.5285242,1.024278359,64.77790412,-0.062755411,0.733828858,14.04797384,6.270092836,1.078363654,0.109989904
02-01-17,107.8840771,105.9190583,0.979262657,68.24641233,0.963367271,0.748525801,20.97510146,6.430980427,0.187305786,0.000493554
03-01-17,106.7362068,-15,0.920821056,72.1715057,0.646145687,NA,15.15627865,5.718349724,0.541882313,0.004371109
04-01-17,116.2255222,117.3912853,1.259784805,67.14404804,NA,NA,11.55764367,5.997271595,2.617306483,0.212862479
05-01-17,106.351924,111.3897277,1.078511865,59.06328483,0.999434322,0.852896394,14.6650295,6.019341599,4.140952942,0.251855011
06-01-17,108.4436272,112.4553248,0.992092169,74.79498728,1.358004213,NA,19.42326736,5.889504497,0.653868037,0.080463828
07-01-17,107.8628788,107.7222727,1.088331233,56.28004056,1.463273219,NA,8.181756429,6.34779656,2.741461243,0.255397373
08-01-17,111.6989369,110.8687872,0.946659395,66.34040632,1.367967171,NA,12.96341014,5.869091445,0.401416658,0.075992596
09-01-17,114.7418059,116.9085573,1.305663664,74.22197626,0.403901043,NA,14.57968553,5.991258818,1.510769982,0.134283402
10-01-17,109.3730831,NA,0.901243889,69.47367153,NA,NA,21.50198259,5.916510859,0.039552847,0.072722314
11-01-17,109.0116903,104.00768,1.039272068,80.559378,NA,0.733419111,16.24720509,5.879795249,1.987967572,0.112781739
12-01-17,105.6554823,106.736693,1.199540138,71.85669113,1.010891794,0.76309964,13.1818432,5.860771636,0.474036879,0.092124584
13-01-17,109.6053529,107.4629049,1.13219983,72.58084686,0.446730624,NA,7.133120922,6.033940149,3.032584825,0.203224089
14-01-17,99.66790573,97.43006546,1.182938195,75.3178809,1.296767059,NA,10.7895713,6.060734229,2.986929453,0.305782922
15-01-17,89.4295694,NA,1.143147711,73.2814294,NA,NA,13.2567471,6.051608282,1.566511921,0.252020257
16-01-17,85.43126717,84.21850103,1.192714316,68.16100155,0.128363951,0.972622313,11.30042178,5.982951841,0.151026214,0.125821118
17-01-17,86.68522313,NA,0.931633838,74.10737054,NA,0.731532269,9.76859549,6.37696782,1.781574111,0.259204139
18-01-17,75.1701099,73.40412048,1.196712468,63.41758477,0.857157823,NA,9.148546741,6.100736935,2.084083774,0.449986588
19-01-17,79.24568692,80.51183235,1.057174058,73.81592072,NA,0.980897902,12.51123257,20,0.210959113,0.153050513
20-01-17,83.2392924,82.47558591,1.09967311,74.94420019,NA,0.809040367,21.6569264,6.045523896,0.347223259,0.136304245
21-01-17,81.80460795,82.63099978,1.105325636,64.55805328,0.914988635,0.881280259,17.16682828,6.32239975,0.508706289,0.122291358
22-01-17,100.9717009,96.82302653,1.189621973,-10,NA,NA,16.32514823,NA,0.745039355,0.164537258
23-01-17,109.5523189,NA,1.121696229,71.97140875,NA,0.782813603,13.46400243,5.977784152,0.411981445,0.05836627
24-01-17,105.0532623,109.9100069,0.973667576,73.44538764,1.361863211,0.848641805,16.13167219,6.026546366,0.323161034,0.035199432
25-01-17,108.486847,104.0378215,1.338604509,65.01188233,NA,0.80260512,14.19260216,5.825522531,0.420638031,0.071694615
26-01-17,109.8790164,109.9544541,0.919249079,75.20697032,0.351269382,0.592883234,14.71751005,5.987083571,1.49400087,0.154365476
27-01-17,106.8953971,105.5937172,0.96764247,78.35076889,-0.020347155,0.75774227,5.64356918,5.816275415,4.303180518,0.268245085
28-01-17,109.5692772,112.7855041,1.014312054,80.09985525,0.011189732,NA,10.56377482,5.874497567,3.424728949,0.271406711
29-01-17,109.6259016,104.8989123,0.988077544,66.94663804,1.227508384,NA,10.06723105,5.9546836,1.388139915,0.146537541
30-01-17,106.2784682,104.9791376,NA,72.73336405,NA,NA,10.32725506,5.934050076,NA,0.023496931
31-01-17,116.9151754,121.8772758,0.996454506,68.08633689,1.132641652,0.874781965,13.31368576,6.112771697,0.483850923,0.028102289
01-02-17,108.793402,110.1405067,1.143468449,61.72544315,0.675757237,NA,23.39058716,6.170928847,0.779610737,0.128676416
02-02-17,114.4349069,106.2122348,1.087825604,56.77958463,NA,0.592398988,12.90881916,5.992086799,1.393658185,0.149165965
03-02-17,99.60037599,108.0415607,1.125341745,67.368229,0.691216666,0.671414761,9.4574809,5.773906934,0.920936093,0.258660562
04-02-17,112.0985297,NA,1.213898942,76.13435485,NA,NA,17.90574306,6.13425818,1.204461219,0.178851356
05-02-17,111.823295,115.2091658,1.088807875,62.87329147,1.108862796,NA,11.06318583,NA,0.485096653,0.001451795
06-02-17,111.3538753,115.3550475,1.111522773,71.22838122,1.063739175,NA,19.69468496,5.836613743,3.6952282,0.230069119
07-02-17,117.2337471,124.5942412,1.060605267,74.17108797,1.445863643,NA,10.4126916,5.685491455,0.227409396,0.010758903
08-02-17,118.5794779,124.3724609,1.00893413,58.47752776,1.40993109,0.80470243,17.51973298,6.055402012,0.69160885,0.070996941
09-02-17,118.5385556,117.5319944,NA,68.23338892,NA,NA,20.51736536,6.364148878,0.064421036,0.023105397
10-02-17,106.2155091,112.8696979,0.897602887,71.72379453,NA,NA,14.70820046,NA,0.383185025,0.087342431
11-02-17,109.4770703,115.1857646,0.884347296,66.11370147,NA,NA,14.11222378,5.959481356,0.898855675,0.16677493
12-02-17,111.5435536,119.3592998,1.038332877,64.00559262,NA,NA,13.29185999,5.910997923,1.208635325,0.194976971
13-02-17,110.9186363,108.8038119,1.16116853,66.99821494,1.480940645,0.908748163,12.96673788,6.034828922,1.550102579,0.184328188
14-02-17,107.657976,110.7817913,1.119652634,67.17136492,0.591084778,NA,13.43009616,6.217535986,0.13755913,0.031281414
15-02-17,101.1476664,94.46695076,1.10581864,70.22898099,NA,NA,25.21839006,6.39373952,0.676504597,0.072139727
16-02-17,84.99816959,83.59257479,1.045837673,69.61938907,NA,NA,15.06397856,5.954129596,4.66920015,0.432322018
17-02-17,88.12636642,88.1201316,1.150184625,-10,NA,NA,22.57407297,5.955063128,0.754332281,0.289947228
18-02-17,109.0921494,109.9068065,1.009059836,71.36857121,0.973968029,0.813067826,10.21210149,5.88944347,0.227014362,0.043768247
19-02-17,106.2730833,104.3084918,1.078450903,61.32114675,0.972623515,NA,22.02626198,6.010538163,0.690509455,0.091265035
20-02-17,106.33927,108.9699651,1.070962009,60.05383685,NA,0.859161376,11.2679738,5.843456167,4.685902284,0.243439516
21-02-17,102.3952142,105.6717667,1.081568426,76.99580127,NA,0.666543523,20.41014721,5.506020319,0.351726821,0.033385415
22-02-17,109.6638914,107.2646101,0.991020915,57.65266562,1.009676183,0.955130877,21.07657389,5.820591358,3.656842187,0.27208826
23-02-17,107.5148796,105.8229666,1.160757916,79.16668156,1.379334869,0.910880439,5.796748635,5.915174214,0.617175607,0.012700889
24-02-17,85.92940812,92.15077249,0.992103434,77.42228438,NA,0.867682591,9.56986717,5.941415678,1.318831061,0.263351229
25-02-17,83.93684562,77.38551068,1.01354019,-10,1.301034314,NA,11.60030886,6.243599617,0.399690137,0.140230154
26-02-17,86.77166398,84.92584897,0.907782166,66.15493893,NA,NA,20.73831959,5.992940717,4.418021137,0.401558715
27-02-17,83.96158366,76.27132868,1.066157621,69.49778234,0.533411982,0.832546976,14.80167405,5.986789288,0.362962379,0.137042048
28-02-17,96.13082223,93.91791707,1.04773477,76.69781074,NA,NA,16.45015692,5.786140579,0.553146103,0.160749267
01-03-17,91.41710625,90.23705692,1.24365125,67.37810385,NA,NA,10.19832078,5.837104597,0.189088699,0.198256328
02-03-17,112.1655929,111.6393911,1.330093558,71.23450237,1.115240731,NA,19.9287502,6.17658732,1.283532797,0.142154512
03-03-17,109.7778065,108.6075439,1.111927283,63.66046355,NA,0.798296684,24.2352866,5.959575523,1.60513498,0.136639515
04-03-17,92.49570194,90.72116088,1.058016643,71.06000936,0.539385258,0.745246492,16.85528066,6.312219571,1.792731934,0.236477668
05-03-17,97.22890352,97.77144345,1.259814912,70.02375063,2.181748209,NA,27.00435612,6.057050887,3.635593832,0.360732279
06-03-17,92.35399238,91.93247658,1.214433659,67.80769918,NA,NA,12.29933295,5.843088007,1.948724637,0.20457306
07-03-17,94.42947132,93.89513547,1.071621329,82.133944,1.727919202,NA,NA,6.093872521,1.265378978,0.272901532
08-03-17,92.92349253,92.59631373,1.035864183,66.65497268,NA,NA,14.42289452,5.902880242,1.227503881,0.256523483
09-03-17,92.38599583,88.95165332,1.057637217,84.56644033,1.194855658,0.767653087,20.82293218,6.318186983,0.269412823,0.109252132
10-03-17,109.1667849,109.5327707,1.160062989,79.53020137,0.279808737,0.76795811,15.96651166,5.498044742,0.711585633,0.169061744
11-03-17,113.4110717,110.4346363,1.117267415,70.46374744,-0.174359494,0.713823495,9.432375153,6.004827984,2.326517944,0.237963697
12-03-17,109.8594707,111.8468829,0.943061489,67.13888534,1.132891586,0.691694087,19.80609014,6.332069528,NA,0.013651383
13-03-17,110.760121,112.7339104,1.038603841,73.90961507,NA,NA,16.13974192,NA,1.214579513,0.14529915
14-03-17,91.01819547,91.65564194,1.125248347,72.34252736,0.81672349,NA,13.03567236,6.01710542,0.828425161,0.2141582
15-03-17,83.38079526,87.51984872,0.950950315,NA,1.411995464,NA,15.0258688,5.671118388,4.144213184,0.442998088
16-03-17,109.4759868,111.5164072,1.139151597,74.88032222,1.136943163,NA,4.944988681,5.939724802,1.276273705,0.148895621
17-03-17,108.6556515,107.042573,1.165312471,65.75736087,NA,0.940349762,8.807313774,5.656857829,1.913630543,0.133836764
18-03-17,124.6432158,123.5802543,1.166102427,64.42144151,NA,0.730822717,14.21548823,5.849524536,1.469462441,0.17540319
19-03-17,125.6058259,126.2641458,0.929581884,60.64487827,NA,0.779168362,14.26098355,6.003086713,0.561911756,0.082308866
20-03-17,120.2479705,116.2733829,0.824536419,67.76619314,NA,NA,21.50283595,6.040371431,0.560960045,0.068689833
21-03-17,121.2243265,124.3385478,1.225415786,78.57928199,1.044302638,0.78350497,11.71481937,NA,0.044158896,0.092316044
22-03-17,114.1093294,NA,1.229607499,70.59953175,0.657570464,NA,22.36134421,5.874595308,0.556876921,0.005273336
23-03-17,119.2278698,120.7057413,1.251710886,70.73862457,NA,NA,13.47324226,6.010562345,0.539477422,0.051554378
24-03-17,128.2730573,125.9260056,1.135898981,69.68528706,NA,0.970765997,21.23311755,6.114451665,1.242175159,0.107759211
25-03-17,121.79015,121.249972,1.112383255,61.09954736,1.4958519,0.871069007,9.877214104,6.119068816,0.009765395,0.025433143
26-03-17,121.9028409,114.6991176,1.147642104,77.48723632,0.382102233,0.761502028,15.06553171,5.822354423,0.517144325,0.097770589
27-03-17,98.5324428,-15,1.159304702,69.51670026,NA,0.881570472,8.021199717,6.114096537,0.161914128,0.197428858
28-03-17,88.13764768,90.39074766,1.063875215,72.09912055,2.064436437,NA,20.46856074,6.304377516,0.218363899,0.162543621
29-03-17,90.68734701,88.25088738,1.176131979,62.72415784,1.055701043,0.834035872,11.95247166,5.973230123,0.040470388,0.176831341
30-03-17,92.20802499,95.7583004,0.891573893,67.7387266,1.855004882,NA,3.349527038,6.01015223,0.76106007,0.240069756
31-03-17,95.69234986,NA,1.264133363,57.83406281,NA,0.843247525,12.76257939,6.039536293,3.983477931,0.371031653
01-04-17,74.81117993,74.86818839,1.034882737,72.5191,0.918315214,0.989417836,16.65042502,6.029221521,0.151428946,0.198951784
02-04-17,74.59717127,76.57702739,1.019002703,70.04048421,NA,NA,NA,6.377369253,0.93826101,0.235636612
03-04-17,77.1256144,78.54277717,1.131183528,76.68350105,1.54850689,NA,18.76848659,5.742085233,4.631561041,0.44711924
04-04-17,81.60567571,79.28758997,1.144894423,63.75122191,0.838473512,NA,15.45518036,5.697221943,2.209295545,0.44538118
05-04-17,91.0110283,96.98450631,1.044746228,65.06403217,NA,0.697976033,17.82492087,5.594143232,1.027022768,0.227240672
06-04-17,84.99498689,NA,1.137848381,72.24326344,0.23066762,NA,10.95406207,5.720271847,1.691226306,0.229395671
07-04-17,81.08921742,81.83310447,1.14989995,64.97386878,NA,0.614268933,15.31282685,20,NA,0.249704636
08-04-17,82.00381459,85.38668208,1.14440402,67.93778734,NA,NA,14.07696009,5.710146485,0.138059965,0.114232994
09-04-17,102.7008185,101.8940065,0.833970038,77.14705412,0.213368952,0.757355165,11.24896965,6.138997545,1.280118003,0.177405559
10-04-17,113.9282852,116.4530573,1.195884015,63.70428551,1.437262787,NA,18.9561752,5.879397265,4.962518512,0.271776169
11-04-17,111.7926983,109.7575204,1.188624196,64.77647662,0.574600153,NA,8.126282192,6.046532975,0.075215388,0.023208174
12-04-17,111.3174105,108.584234,1.14462579,70.30115747,0.89036899,NA,23.97039455,6.105081983,0.70767059,0.125352635
13-04-17,106.6539982,106.7172138,0.904737102,67.27268543,0.950129352,NA,13.77026076,6.15014546,1.954054494,0.176779898
14-04-17,113.1430165,113.3445432,1.215546398,75.07772148,0.124547776,NA,12.2883885,NA,1.17792658,0.187348293
15-04-17,108.2773409,114.1989811,1.116506316,73.95923121,0.731224803,NA,6.52074295,6.047774169,1.229261459,0.177699674
16-04-17,104.9425826,103.6334214,1.107605552,64.43347631,NA,0.861675535,6.043626946,5.817222405,0.111190171,0.073007869
17-04-17,110.8134496,109.4585888,1.267032346,67.13998155,1.238400825,NA,21.74663317,5.974500119,1.151875226,0.114701301
18-04-17,108.887611,112.0518818,1.147077749,69.22873332,NA,0.590325359,13.93784651,5.626517513,3.076905225,0.254403508
19-04-17,111.9067267,111.2394146,1.075555694,64.70665534,0.29829451,0.928629453,9.7472132,5.926388666,2.43558021,0.26663439
20-04-17,112.20418,119.8405219,1.065962205,62.90118998,0.992413567,0.707768479,8.160543899,5.82367236,0.305828439,0.035514258
21-04-17,107.097852,109.1225836,1.05782525,64.59354605,NA,NA,16.61434436,5.909021402,1.982571202,0.18489572
22-04-17,109.0433295,109.6716883,1.192785238,64.17309191,0.92858029,NA,15.37147647,6.135975217,0.057987846,0.066618434
23-04-17,107.7764675,105.1047188,1.097183436,69.82447731,0.755921917,0.866271911,20.10410785,NA,0.802293475,0.18454174
24-04-17,NA,112.8635456,1.152319963,63.82474122,NA,NA,11.26357501,6.183140455,NA,0.18746635
25-04-17,112.929145,114.7604703,NA,71.99369415,0.758142913,NA,15.45416231,5.863525637,2.675690937,0.275479529
26-04-17,116.8901979,NA,1.093980152,63.89027914,0.223817046,NA,9.931563275,6.347358944,1.941093204,0.174304447
27-04-17,110.5980711,-15,1.292312069,68.08041701,NA,0.945345627,9.734755434,5.756120052,1.036128864,0.169162731
28-04-17,112.3686684,118.5026797,1.25032718,69.98114526,0.220242706,0.706582897,14.03075456,5.988192652,4.147422165,0.247204647
29-04-17,109.8508267,107.8702542,1.269023302,76.5242605,0.735397193,0.706315637,12.23252875,5.952074543,1.984191111,0.188802376
30-04-17,109.916161,110.8357694,1.038730049,66.96854669,0.741280354,0.66459978,16.01195331,6.050764859,1.01022006,0.158067747
01-05-17,NA,113.3732674,1.232944768,64.31131091,0.849453663,NA,13.74191122,6.206509011,0.908303015,0.189524517
02-05-17,112.642318,111.3573265,1.029458926,70.07795757,NA,0.760369552,11.9040092,6.082443094,4.475636943,0.235577271
03-05-17,110.240212,108.2420542,1.114659469,70.77956027,NA,0.703212373,13.82662971,6.016313075,0.544953088,0.037233745
04-05-17,116.2594202,114.8905704,1.226424279,72.07082761,1.516212277,0.930502602,0.309866883,6.138671559,3.691076813,0.222991068
05-05-17,114.5891132,121.4060525,1.127542765,70.6989855,NA,NA,19.03275039,6.01675721,0.385978742,0.071903575
06-05-17,109.583215,109.1524954,0.990598337,69.05943086,0.823071963,NA,7.711795353,5.675966553,1.336168198,0.119212135
07-05-17,116.4157267,117.2695092,0.836609795,60.56689274,NA,0.749924233,14.62659101,5.985948531,1.085481669,0.112383231
08-05-17,117.3978519,120.5737978,1.107451188,63.45569779,NA,0.937413635,12.61721972,5.952453044,0.904383687,0.166425036
09-05-17,103.8289393,102.5336174,1.173461434,67.27849075,1.014240252,0.930699885,9.733309556,5.970286696,2.767615447,0.265754916
10-05-17,110.5375792,115.6789631,0.96676843,67.27555688,NA,0.762461256,19.36411386,6.258761291,0.884340955,0.189502236
11-05-17,95.75259489,96.35748925,1.170434236,64.28871704,1.409199526,NA,13.48011439,5.666221829,0.162317275,0.16308118
12-05-17,93.19714651,88.87545878,1.067049581,66.6606367,0.949844649,0.816287466,13.21588484,6.020938744,0.850943382,0.239679688
13-05-17,107.9935572,105.6012977,1.078729348,70.18528762,NA,NA,12.63654713,5.854124353,1.122430185,0.1218039
14-05-17,113.7880886,114.0106992,1.067835226,77.86108292,1.130845017,0.80497094,14.33092271,6.000400993,0.713937142,0.156174777
15-05-17,111.1860838,108.5148211,1.114180098,73.50081118,NA,0.705711313,13.18583552,5.977928121,1.824396667,0.127141242
16-05-17,106.2886415,111.1434229,1.049556666,81.12431469,NA,NA,5.823289561,6.122663531,1.668911919,0.147089124
17-05-17,114.4478267,109.9118475,1.178785555,70.27353339,1.753972153,NA,17.031781,6.156117434,0.146922938,0.032138187
18-05-17,110.6661604,110.257049,0.945175854,74.0629715,0.434965985,0.69054454,8.409587643,NA,3.941188986,0.205935896
19-05-17,99.16747128,101.9868635,1.080693387,68.23861051,-0.124308814,0.892946363,5.999478219,5.980290483,0.278221003,0.142581448
20-05-17,98.49054627,98.19449857,1.214537484,60.09089196,NA,NA,14.3730168,6.477585132,4.991324136,0.326078542
21-05-17,102.4723112,99.30008439,1.066147414,71.86933387,NA,0.94848787,15.47952668,5.719002266,1.895137872,NA
22-05-17,96.93737271,94.65322316,1.157705418,65.76079576,0.246294103,0.851846286,19.70273475,5.851331003,0.744728879,0.238437275
23-05-17,98.77577089,-15,0.939028229,73.72436151,0.830054185,0.807171892,11.92340536,6.210209428,1.795434261,0.254339093
24-05-17,98.32761611,100.3937683,1.191058416,69.57616028,1.631402606,NA,7.994461781,6.217059461,4.876647998,0.332448365
25-05-17,98.66305515,92.17187082,1.006668869,77.52336396,NA,NA,14.76248298,5.64342319,4.76189588,0.312646026
26-05-17,99.93670924,98.17724132,NA,68.58254015,NA,0.764265222,11.23641326,5.960770174,0.797601159,0.25450343
27-05-17,105.5639606,105.6126965,0.92534842,64.32788978,NA,0.957965816,11.59874174,5.675650966,1.795375036,0.165713008
28-05-17,114.2194513,112.5881834,1.115966901,73.2415208,0.836462653,NA,16.04510049,5.617822337,1.427330982,0.101934347
29-05-17,111.8573695,109.2393576,1.128694653,62.77327611,1.696038746,0.751403035,7.149453723,5.853482606,0.430806163,0.018724786
30-05-17,108.9432342,107.2408042,1.088943079,68.38743992,0.578885675,NA,14.65024678,6.293933481,4.732600992,0.217694018
31-05-17,115.8044878,111.7092194,0.889472374,65.13091043,NA,NA,13.12066904,5.944107466,0.344235733,0.065839487
01-06-17,118.7432239,119.2169741,1.073833291,65.34691851,NA,0.549222403,14.73508639,5.924679032,0.441183975,0.059131554
02-06-17,117.8028316,-15,1.095338987,65.0513772,NA,NA,15.47327413,5.965241455,0.414623918,0.004620726
03-06-17,122.3792577,122.5006185,1.043525806,66.87172139,1.123937587,0.949051219,14.98727015,NA,1.206671281,0.190113473
04-06-17,116.7749754,NA,1.107619726,73.5860555,0.863337973,0.799773144,12.91776087,NA,0.027019801,0.013574363
05-06-17,116.8852578,112.6294658,1.141399268,67.6569039,0.243385721,NA,17.24164643,5.911955753,2.080665097,0.200576426
06-06-17,110.8777548,115.1469639,1.223583344,70.146475,NA,0.813385172,9.16559275,5.871413117,1.655894938,0.192561134
07-06-17,109.2846318,108.8014388,1.155265971,76.87974618,NA,NA,16.62954613,5.615518429,0.087559095,0.065531422
08-06-17,111.5402538,104.6769649,0.99140879,68.13543857,0.338916984,0.833384286,11.37510462,6.085348011,1.729085858,0.178296928
09-06-17,114.1611071,114.3507255,0.999937486,64.21258937,0.668440109,NA,11.95026497,5.890517738,1.299133714,0.177730903
10-06-17,107.1412129,102.4762662,1.109728009,66.43564211,0.25352352,NA,15.34120767,5.956104645,0.005012277,0.06766682
11-06-17,112.0004927,117.5230331,1.102829116,69.22733168,NA,0.793324853,5.400863366,6.057775569,1.131040038,0.124994414
12-06-17,108.8181661,109.5293889,1.256014466,71.48153743,1.743204471,0.935255173,18.72980488,6.022199148,0.389374111,0.02926517
13-06-17,109.9786527,106.5574539,1.104803396,68.85431371,0.347213156,0.873508938,9.29091553,5.972650876,0.740486289,0.182714913
14-06-17,109.3804224,109.5276851,1.245238555,71.01853672,NA,NA,9.643393603,5.83269319,1.545818559,0.189010952
15-06-17,107.1989044,109.1400752,0.894635824,53.69027324,1.199311827,0.952483231,12.47290143,5.728787836,0.780838479,0.137607064
16-06-17,108.1786333,104.7979095,1.006771893,70.73197861,NA,0.686946048,13.77910344,6.000711162,0.45618398,0.05780712
17-06-17,113.4616106,116.4818921,1.195648885,69.87775235,0.798577102,0.970559631,20.38135594,5.818904377,1.682382898,0.107080741
18-06-17,95.59054547,97.86558872,1.025924434,68.31064599,NA,0.830921208,18.90377015,6.153564049,0.540529294,0.175007088
19-06-17,102.8427586,106.0184394,1.105079615,81.22231499,0.808871945,0.841426402,15.14375769,5.693317494,0.393301135,0.057323378
20-06-17,113.7891133,116.2035289,1.078123225,64.93174412,2.009708533,0.908750558,11.79192922,5.876405747,1.172076415,0.10524818
21-06-17,112.5480408,115.0340898,1.129754035,67.54216954,0.734875516,0.968026265,18.16277377,5.849157807,0.898936403,0.138052104
22-06-17,101.331692,100.0988583,1.28014546,78.62669716,1.110690458,NA,5.197999974,6.265009578,0.088718144,0.072066901
23-06-17,107.6456459,113.6143622,1.246121062,65.59786934,2.20319587,NA,17.43595518,6.292816591,1.674568304,0.166819224
24-06-17,111.6165142,115.6395278,0.929543138,68.100895,1.239325241,NA,11.28318217,5.988258601,4.266151421,0.247791493
25-06-17,93.15309271,90.4958683,0.982758912,69.44825575,1.925662898,NA,7.945595834,5.988136283,3.250423201,0.377450518
26-06-17,93.45246844,NA,1.183813457,79.96926692,1.227206789,NA,8.848543978,5.479267138,0.829604785,0.227238789
27-06-17,91.24621125,93.63709749,1.060446105,65.26540213,1.638894327,NA,8.186530239,5.888794654,0.050114717,0.120762482
28-06-17,93.46707473,98.42964864,1.051700746,73.8486691,NA,NA,9.079271067,5.978068243,0.271646691,0.153252584
29-06-17,93.57397424,94.39590816,1.084770056,68.44643818,NA,0.886142147,18.3924737,5.724219571,0.981018009,0.215213405
30-06-17,94.94452332,96.68358408,1.102034212,65.84658474,NA,NA,14.57582093,NA,NA,0.219559886
01-07-17,92.92849907,91.20266502,1.172993592,74.19790515,NA,0.870214438,18.49507775,6.259994236,0.106573566,0.104107472
02-07-17,101.1292851,101.7793375,1.21480549,76.14275264,0.980269717,0.85567096,12.17734732,6.172374491,4.583023815,0.253622506
03-07-17,104.3253992,101.7866328,1.18462217,63.15234211,2.104978748,NA,19.61543358,5.947814246,0.246958061,0.034348874
04-07-17,109.2132568,105.4641173,0.969438301,75.88828286,NA,0.685514981,16.31420985,6.000853822,0.291767686,0.008175507
05-07-17,105.2710842,108.1274789,1.175663162,70.72391793,NA,NA,6.96044281,5.999874332,3.604048559,0.246816806
06-07-17,113.534566,108.2471517,1.025922201,70.49928177,0.90496002,NA,12.11958615,5.929076777,0.130305632,0.035537786
07-07-17,113.7819913,116.7850165,1.109836108,65.71521931,1.342131965,0.731801485,20.7729017,6.508287489,1.492685642,0.144267241
08-07-17,116.6112023,NA,1.225961084,66.58380957,NA,0.748149685,3.739401075,6.091939945,0.934504978,0.175328945
09-07-17,109.029498,113.0082539,1.210061902,70.89406592,0.997900345,0.773803455,2.223874288,6.192724557,0.897317413,0.173035152
10-07-17,107.4375722,104.3855507,1.137640201,69.34410888,1.235678269,NA,22.88280839,6.306767235,1.997747275,0.11316296
11-07-17,103.9848143,104.622431,1.134165458,60.65101121,0.403976509,NA,17.4030968,6.252185855,1.504682792,0.135378028
12-07-17,110.5728622,114.1932266,1.230983194,69.81628987,1.011375333,0.894239264,19.9201206,5.946214894,0.0782017,0.071080664
13-07-17,112.9140286,115.2098908,1.040282378,68.25334352,0.304330722,0.748295884,14.28987678,6.439614525,1.086580534,NA
14-07-17,108.8197834,106.2006266,1.106124561,63.7171575,NA,NA,10.63015918,5.806903232,1.270563297,0.171476961
15-07-17,109.7197359,114.0735059,1.174118903,69.88739956,0.500189133,NA,17.70143919,5.934865973,3.475156933,0.22216817
16-07-17,110.0602567,110.1303256,1.028162001,71.41263821,0.938241384,0.728076637,14.15359635,6.020487582,0.591113653,0.08710447
17-07-17,106.9136528,103.7105207,1.10537465,72.32912328,0.81958266,0.743597325,18.93467796,6.250201812,3.351774899,0.260430638
18-07-17,98.57610097,100.6769619,1.116166431,64.13986634,NA,NA,14.36856774,6.105022959,2.290382915,0.319939457
19-07-17,95.96904143,93.96554432,0.765329744,70.72355423,0.439975795,0.703406633,18.85628416,5.83760494,3.938696671,0.369809942
20-07-17,110.4179133,107.5346479,1.122667996,69.83861325,1.04462094,0.681738408,8.94930256,6.285599565,0.947311247,0.160732498
21-07-17,113.3409794,111.1463626,1.199188857,74.5470358,-0.062978534,0.815311969,14.3605236,5.935598993,1.728974523,0.132721876
22-07-17,114.8119426,119.5555341,0.995580839,77.08261869,1.138777921,NA,16.2257652,6.053689964,1.070899701,0.176236488
23-07-17,107.6271742,105.9016966,1.197010078,74.3813069,0.90070185,NA,10.46109498,6.175438692,4.883949823,0.298671814
24-07-17,106.8657084,105.2017368,1.014805895,79.55777319,NA,NA,19.85260374,5.904809202,1.199278406,0.167238045
25-07-17,112.6414457,108.5229828,1.202927617,68.20261737,NA,0.89792916,14.41461425,6.065747862,0.342384181,0.025591098
26-07-17,110.2003254,105.086595,0.933508995,65.07115535,1.317269882,NA,14.76695028,5.695838238,1.99967252,0.132158739
27-07-17,115.3333288,111.849063,1.077125409,66.80778211,1.354611659,0.859420512,19.21445957,5.708207294,2.234562833,0.209546433
28-07-17,108.5980188,110.5221891,0.924140941,59.53387672,NA,0.738887554,17.03538155,5.924184867,0.265059976,0.009916737
29-07-17,110.3517117,106.8034996,1.050006734,67.88493542,0.330359355,NA,17.73975777,6.055380645,0.655332381,0.060194178
30-07-17,110.966442,108.7556327,NA,66.95877942,1.847493629,0.703183319,11.97588605,6.096529509,2.04246452,0.219838022
31-07-17,104.8907204,101.8652262,1.132239386,67.12566197,0.400076424,NA,9.330085975,5.594791594,0.551050489,0.091697041
01-08-17,108.4617175,109.8762017,1.115787159,72.93268959,NA,0.819709603,13.95140864,6.16314363,0.008660148,0.042908156
02-08-17,106.1599297,108.7334586,1.229181761,73.61508172,1.459183313,0.64128644,16.88368159,5.810780781,1.43753633,0.114185251
03-08-17,109.8368856,107.8568561,1.006788777,72.32423939,0.435932699,0.872472709,16.59142353,5.785896142,1.987869905,0.186965938
04-08-17,105.9864737,103.0149157,1.270963463,72.45535864,0.936361437,NA,15.08051587,6.050088022,1.199950842,0.186865161
05-08-17,109.3974541,116.2272703,1.18817925,69.48045246,NA,NA,10.8439868,5.927146127,1.330725097,0.114580023
06-08-17,106.0061948,104.8754783,NA,78.19571698,NA,NA,NA,5.917356628,4.998366526,0.285607392
07-08-17,110.2159563,108.0642901,1.202852906,68.65953531,NA,NA,13.69701569,5.853121209,1.554339411,0.17848014
08-08-17,107.2824526,106.1597697,1.276597873,72.38914755,1.133453782,0.843276712,14.21421867,5.919318052,1.486949731,0.111217392
09-08-17,113.6073961,116.6093351,1.035478498,64.37917114,NA,NA,NA,5.947261355,0.715373415,0.170103673
10-08-17,107.6597726,106.4987657,1.138833341,73.40031504,1.459261065,NA,19.04626343,6.252506152,1.131082665,0.17420649
11-08-17,111.9558077,110.0677018,0.90920258,67.27995871,NA,0.680154006,17.64471674,5.993707827,0.402012088,0.054093582
12-08-17,106.6687973,105.2495052,1.153977538,70.59842536,0.666787418,NA,12.02983661,5.902928383,1.512701761,NA
13-08-17,112.0796979,108.4630442,1.174431802,65.58312943,1.362218968,0.77103001,14.24223136,6.522196643,0.041270153,0.019033126
14-08-17,103.060964,92.53716916,1.215672486,69.03055558,NA,NA,19.43883573,5.792732698,4.948374472,0.21783124
15-08-17,106.6394862,NA,1.077605345,69.64744492,NA,NA,19.30415177,6.10848438,0.220867735,0.069332974
16-08-17,111.0077171,114.4980403,1.139934264,69.22063367,NA,0.835980537,14.76572233,6.095051825,0.026162376,0.055785484
17-08-17,114.8868001,115.1117414,1.138981911,79.62015535,0.130421555,NA,14.16062867,6.277277414,1.174887595,0.173576918
18-08-17,106.5218239,109.4525785,1.202426145,70.69643826,1.549632959,NA,15.66548698,5.747192596,1.701070608,0.114336251
19-08-17,111.7513269,106.9052825,1.090630279,77.56370185,NA,0.654451773,11.37887579,6.251533184,0.423975731,0.052178266
20-08-17,111.926224,109.524428,0.962086549,59.02997124,NA,0.804488462,14.36616857,NA,0.786064608,0.161885912
21-08-17,113.0659138,114.7818182,0.964593278,66.23905023,NA,0.907057646,7.677370288,6.215525073,1.160194664,0.159189008
22-08-17,106.6936667,110.1272604,1.278606937,73.14151101,NA,0.907315584,12.09989391,5.92519168,1.706787882,0.129237174
23-08-17,107.7271591,110.3261998,1.21440157,73.99100603,1.145267837,0.800793644,9.380202647,6.041738129,1.166843446,0.119477125
24-08-17,102.2613562,102.4182446,1.087986269,78.26231635,0.972481568,0.779396035,12.74977433,6.057668534,0.083766728,0.056143674
25-08-17,108.5703416,107.9605742,1.071420424,78.43232669,1.58833239,0.740294121,21.44358495,20,4.933253068,0.275863429
26-08-17,99.4846065,94.49761513,NA,79.8584121,NA,NA,20.07129418,5.646078665,0.843420624,0.289109608
27-08-17,110.4652087,106.5172931,1.063526715,75.50263541,1.680958152,NA,NA,5.793437133,2.146267987,0.245715508
28-08-17,104.6439978,106.2795985,1.090076838,68.18992927,NA,NA,23.609289,5.940361963,0.032839657,0.01715375
29-08-17,100.3227214,100.2899934,1.006581624,64.45263429,0.221118803,0.815657268,17.93249443,5.921136098,0.078744736,0.020944223
30-08-17,106.7837193,107.2407365,1.016454314,71.4496178,NA,0.987841605,18.79426532,6.311602146,1.509556232,0.180166259
31-08-17,100.9790792,97.38374806,1.157345812,75.81434233,NA,0.695739102,NA,5.735748372,0.516509164,0.003302915
01-09-17,114.7328737,118.6881693,0.98229545,68.14911448,1.206148975,1.002287881,16.0085527,5.887443336,3.183086047,0.240539896
02-09-17,109.7397759,109.6989886,0.998765987,75.57121819,NA,0.887023499,13.79149144,6.093539525,0.065773072,0.078069274
03-09-17,112.9792151,112.3301959,1.066848777,66.28144208,1.727359602,0.80385454,11.56249195,5.710883615,2.979428727,0.281088113
04-09-17,112.8246515,115.4930932,1.092740543,85.32547617,1.157002486,0.74183175,13.61493227,6.40697494,1.860394934,0.140960964
05-09-17,102.3111106,103.4366441,1.203376223,71.99802693,1.742947901,0.81985247,12.97171143,5.971935741,0.245423819,0.042489502
06-09-17,110.2079337,108.9087106,1.030002183,67.77018328,NA,NA,12.86401909,6.17867324,0.46937916,0.038996091
07-09-17,109.1520351,112.9162339,1.132708608,78.02636843,NA,0.701488695,7.447404537,5.92186513,4.466460911,0.233289399
08-09-17,112.781857,111.8705676,1.018110034,73.32581806,1.24088268,NA,NA,5.676589756,0.192883962,0.055807451
09-09-17,107.9775732,107.172237,1.096210088,75.01095512,1.271966221,NA,13.11142173,5.803436411,0.345071038,0.033032334
10-09-17,111.0915824,108.2411622,1.008613566,82.22378276,1.601402096,0.823635875,7.409204106,5.902655272,NA,0.278366569
11-09-17,109.3948333,115.7686642,0.969133444,71.3812333,0.659523371,0.847483736,24.26614608,5.957527127,NA,0.031187984
12-09-17,107.1349058,105.664202,1.311121882,66.23377772,0.973483983,0.762368423,23.55030599,NA,4.116489772,0.276621948
13-09-17,112.3495632,111.4076878,1.079492065,63.53827802,1.274558449,NA,16.58059949,5.874750631,0.678455857,0.078200756
14-09-17,108.988369,104.4852822,0.889210755,65.03755806,0.931709446,0.864902662,28.15956042,6.031257129,0.474928574,0.007778806
15-09-17,112.4373741,109.7487732,1.174312169,69.36307426,NA,0.584500843,11.55976938,5.919329188,3.536274581,0.23557025
16-09-17,NA,109.2001813,1.186566218,64.38759973,1.03277665,0.859812321,10.12469902,6.120890129,NA,0.021188068
17-09-17,107.3793051,104.0279515,1.04247255,75.86843183,0.440395921,NA,8.257659444,5.868684638,0.181356757,0.01302817
18-09-17,111.2006949,112.5905743,0.87252445,62.05864421,NA,NA,NA,6.049967869,0.568943873,0.075076775
19-09-17,101.7551366,100.6666098,NA,71.04248858,0.526669372,0.700914572,15.52549494,6.073140198,0.868832116,0.194880229
20-09-17,109.9777174,107.8921128,1.330825771,64.90017513,-0.353037996,0.868892246,15.83455815,6.371026974,0.005693075,0.085542257
21-09-17,98.63076456,98.56688029,0.989557066,54.35604063,1.266043837,NA,20.21862038,5.939965517,1.139306342,0.277168209
22-09-17,92.35282994,92.05412983,0.971560545,67.61458255,1.131763712,NA,8.677241831,6.14328789,0.077052893,0.183190926
23-09-17,89.70240583,88.52966265,1.003803898,70.43759079,1.073063917,NA,11.3770859,6.082410126,0.669961017,0.1354757
24-09-17,98.00304097,97.1404386,1.173188141,66.46938685,NA,0.695954821,8.297295597,5.857532462,1.361392494,0.225902912
25-09-17,90.83739994,93.24618772,1.026019494,67.22010051,1.9178237,NA,18.43904431,6.13042696,4.386327881,0.378421588
26-09-17,93.46065974,90.83615731,1.134319945,71.21861048,1.182208596,NA,17.97663139,6.076063794,0.76198848,0.258106077
27-09-17,86.01857787,90.11958384,1.167316183,73.48038679,1.663093885,0.67434709,12.23950349,5.806550892,0.445117618,0.124700216
28-09-17,110.0344931,104.2520233,1.054935848,71.15289777,NA,NA,7.689329843,5.936620218,1.668204935,0.151059959
29-09-17,106.1926999,106.3684031,1.099816913,72.60025625,0.470073,NA,10.40350548,6.120559275,0.454302481,0.002425384
30-09-17,89.38353868,88.36515411,1.162423121,67.68937708,NA,0.814014168,14.49572456,5.898664256,0.371410048,0.107298758
01-10-17,88.2019209,94.95462757,0.881968081,65.70506602,NA,0.814950616,13.05591849,6.132229039,0.427213734,0.1505958
02-10-17,89.6878642,93.28998357,1.078590328,66.08765464,NA,0.708352573,15.13887417,6.184516431,0.900381442,0.231381729
03-10-17,92.67000872,88.92866742,1.117894509,80.24575246,1.266589733,NA,13.13565076,6.270437198,0.367563345,0.110434907
04-10-17,88.24806699,87.50835025,1.195236742,72.86331625,2.369475479,NA,13.40938197,6.216822472,NA,0.169598852
05-10-17,90.19664055,92.11225481,1.089280327,66.42242503,NA,NA,10.69440418,6.027298134,3.572576553,0.379787833
06-10-17,87.72508054,88.48833018,0.936107976,69.26971682,NA,NA,14.3875931,5.814717633,2.702034876,0.39289907
07-10-17,91.51023259,91.12063743,1.289686533,NA,1.620584835,NA,23.79506493,6.136497276,0.703731817,0.275409485
08-10-17,91.13959931,92.15244159,1.055768946,66.61915962,1.51766447,0.756575491,6.901137281,5.52798011,0.177200532,0.12602116
09-10-17,107.8198344,108.6005156,1.15788134,62.40911052,0.860295368,0.851957236,16.29995627,5.862527728,1.465468218,0.185108263
10-10-17,NA,110.8775057,0.96334152,65.93065603,NA,NA,20.7601783,6.025239714,0.778742555,0.156559481
11-10-17,106.5301725,113.458851,1.205613938,69.96077926,1.142565302,0.723226621,13.98190449,6.287194009,1.529382695,0.128724545
12-10-17,114.0445771,108.0644951,0.98194272,72.47585869,0.423704228,NA,19.55943968,6.110659333,1.811858249,0.176746388
13-10-17,109.132408,108.274718,0.994335081,81.7293235,NA,NA,15.06580129,6.158061576,0.24872606,0.096721458
14-10-17,107.2465202,108.9597361,1.178031507,72.40724619,1.541130011,NA,7.543294996,NA,3.438189401,0.217224139
15-10-17,105.6871158,107.3260549,0.990332084,74.98340833,0.640447735,0.800140587,18.3201594,6.219739519,0.189951936,0.000522286
16-10-17,111.9795447,108.4270563,1.073272747,83.30092905,0.825669764,NA,10.55262625,5.628562065,0.224906511,0.069453116
17-10-17,105.4283626,105.8465289,1.009281624,74.34251571,1.160155898,NA,10.28352657,NA,1.414847014,0.187574247
18-10-17,109.1064328,114.018375,1.1938681,NA,NA,NA,10.69151638,20,1.160976811,0.115811068
19-10-17,110.7351071,105.5912658,1.215337263,67.27976169,NA,0.745299995,17.61926151,6.180854755,1.469796649,0.14663443
20-10-17,112.9106069,-15,1.095906809,70.88133893,NA,NA,13.48199145,5.889688977,0.361371451,0.056997749
21-10-17,113.7097571,110.5732695,1.01460789,69.65790106,0.323085778,0.68572533,16.87131632,6.347686055,0.145490547,0.018137966
22-10-17,111.5026229,107.7209867,1.053174431,69.43551936,0.53361906,0.685449279,6.726418191,5.857319769,3.892950437,0.281242593
23-10-17,110.9258387,112.4063998,0.968275937,65.46206755,0.804583296,NA,14.37382386,6.049728849,0.301131102,0.053143102
24-10-17,111.5512164,108.9753612,0.799137338,67.45537842,1.329472313,NA,13.34408154,NA,2.949692074,0.205052314
25-10-17,115.9607162,117.5591916,0.90174208,77.22949694,1.232530643,NA,18.85169569,5.953690604,1.773372863,0.116896273
26-10-17,111.3033733,112.3115855,1.234549087,73.4439743,NA,NA,15.53495016,6.145113467,2.582217476,0.22434865
27-10-17,97.37865474,98.23745849,1.114171742,69.01544172,NA,NA,9.175603217,5.639662329,0.258898914,0.111666222
28-10-17,100.2984847,102.143893,1.157289206,68.85096211,1.128190138,NA,NA,NA,0.465466828,0.010407675
29-10-17,97.02364928,98.26670093,0.966083059,72.75093697,0.645671804,0.654810135,14.90697076,5.357571716,1.249178086,0.248483622
30-10-17,94.92995586,91.1918414,1.025982418,57.37544909,NA,NA,17.29884907,6.112702984,1.625437057,0.261726448
31-10-17,100.4646078,96.82044945,1.076792503,69.16569788,NA,0.844690856,14.41453561,5.807938987,0.684411848,0.042816575
01-11-17,102.0084883,106.6151995,NA,70.06406024,NA,0.841569284,13.21040281,6.138248578,0.095060309,0.024440482
02-11-17,97.02592786,97.49631972,1.148902009,70.8284834,NA,0.75202619,11.28877035,5.828045234,1.496133574,0.291554186
03-11-17,102.8016299,107.9320139,1.052298382,66.73702361,1.348503354,0.857465408,27.5428393,5.859268359,0.937825399,0.101835478
04-11-17,108.1010219,112.0204013,1.064629487,71.791865,NA,0.727581641,NA,NA,0.526502521,0.098042782
05-11-17,108.4232523,105.2090932,1.079162705,63.49672557,0.822317696,0.773787656,18.6720439,6.685710774,1.979988411,0.198254564
06-11-17,107.151406,104.4176744,0.97873556,65.77393974,0.680425363,0.768719093,16.04887085,5.934840234,1.819719877,0.10941615
07-11-17,109.7156936,104.3364404,0.997823826,65.45463935,0.785582964,NA,18.55289718,6.024632948,1.567737104,0.123354713
08-11-17,109.2813113,113.2328135,1.23634872,68.54769432,0.685639844,NA,10.53731117,5.695858248,0.810695913,0.156039397
09-11-17,112.8950721,110.4965575,1.362317484,65.49391275,0.213650025,NA,NA,6.127356566,0.860817475,0.159591454
10-11-17,107.8231083,104.9565007,1.16189999,71.70600662,NA,0.885465152,21.33457654,5.854936157,1.292216353,0.115961808
11-11-17,111.5336444,115.2130948,1.26513298,66.80194748,1.330081308,0.802947238,20.33289123,6.239491161,1.177741664,0.194353645
12-11-17,107.8754425,104.0069085,1.208384341,61.86998006,0.815385745,0.76282595,13.68860464,5.964123863,3.78729023,0.289325261
13-11-17,109.8768077,107.6376358,0.959675888,57.76831275,1.586471794,0.734147663,10.32003088,6.02131106,0.157257754,0.008475915
14-11-17,111.311082,NA,1.217143441,77.51131743,0.60639813,0.788592331,17.41935962,NA,1.051208098,0.110881085
15-11-17,107.6566243,-15,1.099344489,66.03409739,1.209835682,0.741001624,21.22361917,6.295307015,1.684255207,0.147585143
16-11-17,113.88915,111.7309074,1.071687338,63.6356929,0.601813214,0.638189056,10.0198231,6.32250308,1.058862812,0.138705314
17-11-17,107.5382002,108.11135,1.122772788,70.68803112,0.766077203,0.886359217,20.96791987,6.207124261,0.765743723,0.172715185
18-11-17,109.6725013,115.3237286,1.0105119,69.23905865,NA,0.931009912,21.19430952,6.119544628,0.694507731,0.003158801
19-11-17,110.1794202,105.845899,1.233662645,70.78068261,1.25678567,0.899045148,11.97686805,5.920257128,1.567198095,0.196988743
20-11-17,110.334672,109.4212848,0.970430538,68.53988521,NA,NA,10.22260317,6.015501627,0.469136454,0.021347647
21-11-17,109.7806358,109.2528402,1.009158926,67.4515384,1.268365595,0.772819621,11.45733842,6.063611061,0.3269178,0.03496997
22-11-17,109.8796692,105.0275063,1.127348549,72.50546162,0.354560208,0.914026867,13.45553145,5.821257164,1.818955688,0.143576856
23-11-17,108.6684897,103.379201,1.144072324,78.61588096,NA,0.704019039,21.57924328,6.306859284,2.176323598,0.2127603
24-11-17,105.1595753,108.7575864,1.062187731,73.37110022,0.906980371,NA,3.645739709,6.057397062,0.512202386,0.06064192
25-11-17,111.3389152,114.5563362,NA,67.92688595,1.353114246,0.823782192,9.369598856,5.89572331,4.287363421,0.271694024
26-11-17,109.7512656,110.3188353,1.136922544,73.84202421,NA,0.782822086,17.13610075,5.756178535,0.513737403,NA
27-11-17,107.2311166,103.7851022,1.110399617,82.22832681,1.838761307,0.774943154,16.38314698,6.157992725,3.916595042,0.216150873
28-11-17,104.4385591,105.0502993,1.131909512,70.09402081,1.384305849,NA,18.20349878,6.100608828,0.432839432,0.092173185
29-11-17,109.3304337,111.7270741,1.167364401,70.39265936,0.879293831,0.816945747,17.183152,5.940467379,0.220845787,0.095865865
30-11-17,108.8064683,113.0025334,1.172675327,69.10349345,1.088892796,NA,19.21984029,6.002296421,0.242828905,0.096090782
01-12-17,109.1586886,109.5524177,1.21326749,64.8297036,NA,NA,10.53694357,5.87127252,0.046333252,0.084617184
02-12-17,108.4456021,107.5894966,1.058773444,70.77681855,1.673722286,NA,18.8747364,5.814742989,0.603069495,0.096649951
03-12-17,112.4531555,113.1833866,1.085539262,77.63261199,NA,NA,15.6415536,6.094553607,0.902287632,0.117457339
04-12-17,110.278002,113.4662475,1.239588528,-10,NA,0.744199726,9.549553085,6.049413066,0.458282203,0.046121188
05-12-17,110.1975685,113.1342508,1.322875711,65.09031535,NA,0.822888234,11.20400846,5.767027173,0.062423329,0.092081945
06-12-17,109.9715572,111.5167152,1.161528199,65.97899166,NA,0.696622636,4.568527463,5.541450488,0.534064175,0.045860279
07-12-17,105.940246,104.5805218,0.968414592,73.76738297,NA,NA,NA,6.016827671,0.458736109,0.029104006
08-12-17,92.51452152,91.55660382,1.088672732,70.75381773,NA,0.920242604,19.2051243,NA,0.13321982,0.127099739
09-12-17,90.94882145,90.99437513,1.173640758,78.57898894,1.444533447,NA,11.85037512,5.763095106,0.582765122,0.115644825
10-12-17,106.505587,105.1925702,0.846947551,68.17305287,1.512026904,NA,14.69739262,6.399147612,1.879894027,0.129749416
11-12-17,104.6687468,105.2357732,0.99515374,65.15715971,1.499404299,NA,NA,6.331482547,0.530519447,0.084001598
12-12-17,98.98192819,103.8859466,1.123558047,68.03142316,NA,NA,9.873726815,6.213840698,0.202817566,0.110182621
13-12-17,100.0125691,100.4834767,1.049531254,69.37990985,NA,0.76702969,NA,5.665907572,0.084164463,0.018720389
14-12-17,96.76307016,103.7284908,0.890737954,57.93373438,1.502966787,0.801769671,15.97341693,6.206610105,0.345602592,0.192175706
15-12-17,117.8159088,117.2836689,1.084222064,81.60253164,NA,NA,12.8084207,5.819277596,1.624790041,0.182578204
16-12-17,115.8885109,112.4474553,0.928153152,73.91223481,0.996495569,NA,10.56698493,6.339863629,1.652705487,0.188407352
17-12-17,114.8734501,111.5891119,1.015289726,80.13632157,0.727128993,NA,23.20085529,5.809644426,0.425665064,0.053002589
18-12-17,103.9670465,101.2403409,0.936480874,NA,NA,0.800422997,25.33596698,6.284612883,0.846340476,0.133262413
19-12-17,93.06083814,92.23073484,1.072549774,68.9967478,NA,0.78143893,20.3377872,6.026058194,0.674614172,0.172878104
20-12-17,92.29461895,97.89752054,1.006770701,76.23270875,0.702164413,0.888466744,17.29805003,6.019307573,0.415417718,0.177085525
21-12-17,94.10441782,93.85803861,1.112590991,76.03716984,1.064300164,0.738986186,9.493622076,5.982289845,1.319500207,0.277133043
22-12-17,91.62137152,89.49949495,1.089079554,75.83248136,0.463265239,NA,14.06317222,5.965047205,0.434851505,0.149863491
23-12-17,94.8052056,95.9919765,1.165893666,62.28782722,1.224184622,0.788572954,24.20800602,5.695390304,0.321739682,0.116022674
24-12-17,95.35907212,90.61188178,1.003308579,72.51837537,NA,NA,13.82146057,6.170083241,0.179225638,0.110285832
25-12-17,97.56815191,100.3871281,0.993549495,71.34402864,NA,NA,15.74130405,6.260666803,1.52147409,0.232377071
26-12-17,97.21986279,102.4331135,0.999154179,70.21631925,NA,0.915306228,10.93767832,5.722774716,0.411106592,0.182735711
27-12-17,101.1254266,102.0196378,1.053941752,61.06482742,NA,0.658242181,11.81533371,5.80678357,0.301116835,0.04084535
28-12-17,96.79034077,98.68999063,0.948469997,79.04772018,NA,0.747528654,12.42408426,5.81391566,0.697548927,0.151493516
29-12-17,107.8169875,104.1152198,1.214623964,66.85924598,1.073204131,1.062376109,12.52006771,6.044857603,1.260578456,0.134337226
30-12-17,109.0647798,110.1200274,0.986871662,67.98863136,0.935745553,NA,15.42661259,NA,0.417658183,0.044634577
31-12-17,105.246135,103.1416731,1.112992692,75.45953522,1.66817747,NA,12.92133745,6.433644763,1.772095439,0.158441703
01-01-18,108.891391,110.112009,1.142091194,63.0987162,0.808035877,0.678112302,14.90803593,6.304338941,0.609933917,0.032184182
02-01-18,112.890013,111.1062142,1.163464281,58.27764712,0.614500242,0.793489027,NA,6.006436604,0.518230674,0.029692817
03-01-18,112.2053739,111.4829491,0.935838136,73.39760293,NA,NA,8.59895718,6.037321682,0.447273333,0.054034231
04-01-18,110.5589212,111.9056407,1.042559656,75.52348984,0.155435183,0.765040829,7.496681759,6.146618733,0.110529742,0.066477876
05-01-18,113.6880658,113.3382887,0.972287858,68.87721829,NA,0.917607917,18.10907216,5.979874501,2.977870587,0.256822315
06-01-18,108.6088016,105.717467,1.091512657,68.50619927,0.950033001,NA,3.596106366,5.923206779,3.402177022,0.246144246
07-01-18,113.0808841,113.3711,1.089736877,58.62048435,NA,0.637133589,15.71796352,6.149588942,4.587935454,0.286963048
08-01-18,105.4374438,104.0417408,1.288326027,74.60267298,1.347329499,NA,16.26384557,5.693990962,4.850649681,0.208920814
09-01-18,111.3269019,107.1529727,1.195260744,69.2595478,NA,0.740686089,12.38079546,5.760212872,0.030774107,0.052654514
10-01-18,113.6247795,-15,1.18426542,68.28936108,0.439999586,NA,15.04098333,5.846382818,0.302865944,0.08208786
11-01-18,111.1136919,110.7578221,1.182496001,54.45976841,NA,NA,16.42564858,6.030188164,3.371986719,0.281285296
12-01-18,106.5739541,106.9813052,1.070976588,-10,NA,0.61069655,21.8242694,5.814091044,3.65935463,0.222661327
13-01-18,110.0932751,112.8914631,1.105403936,78.17166969,NA,0.773218083,15.86965803,6.032585799,0.782422858,0.11311358
14-01-18,107.6543993,104.956381,1.07427498,70.65870137,NA,0.943857984,12.81565121,5.798236414,4.845281272,0.25586842
15-01-18,112.8407803,112.2928656,0.994829196,78.47373738,1.049433671,NA,20.28497152,5.831099616,1.119651879,0.105111523
16-01-18,110.6322961,112.2868432,1.035450134,67.0381463,0.886329607,NA,15.74669821,6.203599635,0.34450898,0.044520097
17-01-18,104.1534499,107.5330044,1.028079645,63.77512624,NA,0.923951344,16.14167117,5.941177729,0.420898164,0.083705554
18-01-18,115.8846116,117.0219893,0.869263914,65.07508396,1.70404954,0.925286696,16.88957527,5.702325979,2.957860291,0.279804555
19-01-18,121.4275555,122.910843,1.004236803,67.81029673,0.558467388,NA,13.2088078,6.352896926,0.273842349,0.08553171
20-01-18,104.8912851,107.8938257,0.92123343,72.65721272,1.319678082,NA,11.47748844,5.992294925,0.055946064,0.097804551
21-01-18,109.6164471,107.4675827,0.844382246,66.10307616,NA,0.883388108,9.242313478,6.185997608,2.257638304,0.298179939
22-01-18,109.3967814,107.5350064,1.074503538,68.904912,0.913495089,0.931635726,10.15358507,6.120201011,1.105981421,0.195672543
23-01-18,100.0405978,99.74512251,1.188973749,64.70494831,0.935265136,0.902107729,13.21056791,5.968945937,3.715043338,0.240011422
24-01-18,85.84835777,85.55740618,1.207722972,66.94857354,1.742714607,0.793699365,7.727297479,6.164940236,1.573617099,0.254005071
25-01-18,86.87785523,86.48921584,1.215296985,66.46622819,0.344623065,NA,16.44509048,5.752589991,NA,0.144380847
26-01-18,84.73059903,83.11468462,1.156371789,66.11697096,0.525576362,NA,6.79806458,6.043865566,3.378551519,0.439344691
27-01-18,89.85110067,-15,0.985290886,75.42931019,NA,NA,17.52776571,6.175396075,1.335190888,0.230456616
28-01-18,91.89635211,89.79104231,1.120517548,67.24189063,NA,0.915421073,7.473381348,6.365247864,0.751124158,0.250502938
29-01-18,88.56192759,87.0684804,1.277597738,70.58619363,0.292574702,0.911209012,23.06056224,6.136427776,0.158502251,0.128824207
30-01-18,94.20982064,96.43057254,1.216657138,67.27307338,0.898827078,0.677758497,15.45500075,6.019887714,1.917512578,0.263475188
31-01-18,96.89146368,98.22213313,0.997743838,80.37929174,NA,NA,11.77922717,5.65928254,4.745106931,0.369559924
01-02-18,99.73497789,102.3874954,1.027303645,71.10031319,0.925111506,NA,18.43129673,6.154294501,3.683362127,0.303735323
02-02-18,104.0012893,103.7547297,1.315974225,64.06995111,NA,NA,19.89707786,6.376053742,NA,0.152144094
03-02-18,112.3562941,108.7858746,0.990018079,62.92848297,0.994196436,NA,12.08178275,6.078170615,2.387497702,0.297771492
04-02-18,112.4166032,114.2719123,1.235201931,72.88312899,NA,0.595325484,11.65378108,5.885217783,0.22948104,0.040982624
05-02-18,104.9549828,107.0912456,1.141733293,65.77848396,0.426117119,NA,17.48437498,5.895105172,0.559218814,0.086627943
06-02-18,89.35055119,88.54772848,0.964840913,66.30535714,NA,0.813905136,11.90038881,6.112467515,3.454123701,0.38071335
07-02-18,92.94151352,95.08946954,0.879865327,66.1322452,1.455116268,0.807791542,10.96366278,5.880038627,1.723906833,0.270671817
08-02-18,90.66929695,88.10508909,1.110583987,69.32436163,0.842066191,0.793154774,17.26531531,5.957732324,0.040577525,0.17631903
09-02-18,113.5523376,111.7018446,1.142764893,69.12640151,1.196457646,NA,7.262547083,6.107236086,NA,0.033478613
10-02-18,113.4762414,113.6294346,1.269674862,-10,1.120551218,0.848446604,7.667753069,NA,1.731452618,0.142504541
11-02-18,109.4416784,108.3093999,1.085538374,68.57077235,NA,0.687463065,21.36428559,6.033102396,0.423326958,0.042111625
12-02-18,112.6793602,112.0352133,1.048313066,73.4295885,NA,0.830250311,20.67723829,6.277281287,0.262694097,0.037046379
13-02-18,109.3358701,113.0219592,1.207778418,73.26445908,NA,NA,20.84219778,6.366188172,0.813397244,0.107695963
14-02-18,114.3934305,116.4490783,1.222968039,66.53663377,1.098103441,0.850065045,16.3576313,6.099166739,1.235558942,0.125390451
15-02-18,113.0680796,111.2462839,1.221622076,75.34800799,1.508488766,NA,12.84683238,5.801304785,0.640844592,0.061864667
16-02-18,117.6562191,112.5163725,1.053937689,72.23662403,1.114059238,NA,15.18211763,6.198334828,0.245504259,0.084328749
17-02-18,106.7723443,109.2770894,1.052595528,73.89031716,0.899039327,NA,17.70592528,6.314187123,0.319881121,0.095495891
18-02-18,111.4677669,110.1491796,1.274446808,76.64135152,1.633112413,0.793962741,18.91927502,6.050483962,1.900672886,0.173972343
19-02-18,109.3651067,111.4307882,0.884448688,70.89767544,0.412149372,NA,21.83470094,5.915311835,0.573256846,0.015678837
20-02-18,105.6530189,110.3391973,0.969600636,70.46035223,1.049636227,NA,21.59983404,5.792264285,1.832619284,0.163970501
21-02-18,115.2560254,117.6025483,1.015264281,72.19173831,1.313923557,0.78336768,9.184801457,6.016509864,0.393343124,0.025551022
22-02-18,107.901534,111.0271084,1.08051491,69.37033608,0.899987506,NA,16.16291453,5.866990118,2.695953071,0.227794746
23-02-18,114.9959144,108.6133494,1.081524376,59.81378175,NA,NA,16.74809195,5.66094432,1.288390192,0.192254575
24-02-18,109.0456601,106.5922128,1.079562404,76.93072594,1.03972515,0.855917291,17.37103514,5.855250657,0.304819803,0.066263902
25-02-18,106.5398386,108.0976728,1.209005158,66.09951155,NA,0.732894824,16.693572,6.305801722,4.58249588,0.217637007
26-02-18,109.7119415,107.1968372,0.988468352,75.78082525,0.739237205,NA,11.40143187,6.096388827,0.391135977,0.032920206
27-02-18,112.4885638,111.8845493,1.239125956,69.80898229,NA,0.910311887,17.15628404,6.316244398,2.499520225,0.260056809
28-02-18,111.0208409,108.2261425,1.094680442,57.34997384,0.373786735,0.72515984,16.96402909,6.16841496,4.72464723,0.264577926
01-03-18,105.8162006,102.5246904,1.020190533,75.7910518,NA,0.926469994,13.71603179,6.09231998,1.292289979,0.167264942
02-03-18,111.8200516,116.5083363,1.065877503,66.12549593,1.342374607,NA,4.454204282,6.182437618,NA,0.047821029
03-03-18,111.9746694,114.8617852,1.211090704,81.49778728,NA,NA,19.85130722,6.064358649,1.357143853,0.149186226
04-03-18,116.9111058,113.409168,1.225568559,70.21966096,-0.07744666,0.72014235,7.16725343,6.123375312,0.639661021,0.032849195
05-03-18,109.0601799,108.2584161,1.014336434,73.30469156,0.453260916,0.722833485,23.3789932,5.840628122,0.267392153,0.034046588
06-03-18,107.8634026,105.6616911,1.14656643,75.2443675,1.398778294,NA,14.83875441,6.18710202,1.078418525,0.11885641
07-03-18,111.393131,114.3916463,0.970757331,63.61839907,1.28221881,NA,12.72975487,20,0.050827616,0.015443521
08-03-18,116.7393706,116.5567678,1.183596097,70.22407579,0.499405477,NA,NA,6.028165814,0.023920232,0.041768483
09-03-18,118.3311746,116.2836753,0.942525154,67.52035539,0.521372121,0.915529737,23.73986564,6.118274339,2.724800892,0.229048876
10-03-18,112.8409367,108.7052791,1.199984239,67.73028163,NA,0.854209691,5.141876576,5.583128751,0.826195242,0.152467009
11-03-18,108.5232239,106.9396377,1.048012738,69.33491992,1.006784677,NA,18.64562263,5.645720676,0.078837763,0.048343327
12-03-18,106.4325749,112.7839836,1.138776634,69.52370037,1.298309798,NA,7.301111564,5.274627114,1.650257356,0.185658318
13-03-18,114.9721804,111.5665329,1.160886462,73.32160525,1.708847752,NA,16.87844954,6.158395226,0.530021569,0.026916476
14-03-18,107.3749577,101.8969458,1.065658106,73.88081771,1.883083562,NA,17.23199312,6.002770946,0.142098036,0.055846036
15-03-18,22.48300988,24.24014872,-0.283850864,0.199480821,NA,NA,NA,NA,NA,NA
16-03-18,26.09501887,25.29309988,-0.120698892,-0.036262408,NA,NA,NA,NA,NA,NA
17-03-18,22.36765181,-15,-0.027772614,-0.174916781,NA,NA,NA,NA,NA,NA
18-03-18,24.96392869,27.90928271,0.184876202,-0.004444936,NA,NA,NA,NA,NA,NA
19-03-18,19.50711731,23.9766885,0.190760519,-0.059123158,NA,NA,NA,NA,NA,NA
20-03-18,22.89434091,28.65329981,-0.084381621,0.217116124,NA,NA,NA,NA,NA,NA
21-03-18,24.79832942,19.38620208,0.023930376,0.002247727,NA,NA,NA,NA,NA,NA
22-03-18,30.83661335,-15,-0.167111397,0.0540878,NA,NA,NA,NA,NA,NA
23-03-18,24.4891168,23.68166635,0.12075582,0.018135395,NA,NA,NA,NA,NA,NA
24-03-18,27.04451894,26.19050721,0.089877643,0.035689276,NA,NA,NA,NA,NA,NA
25-03-18,25.247985,25.01514848,-0.010234127,-0.149163717,NA,NA,NA,NA,NA,NA
26-03-18,21.96897044,NA,0.052020259,0.215598088,NA,NA,NA,NA,NA,NA
27-03-18,26.18006574,19.48788933,-0.068446053,0.017716007,NA,NA,NA,NA,NA,NA
28-03-18,23.42322226,26.65524263,0.08276058,-0.03645793,NA,NA,NA,NA,NA,NA
29-03-18,23.62070211,22.6348214,-0.052535727,0.012517698,NA,NA,NA,NA,NA,NA
30-03-18,25.4746506,21.20402782,-0.098696801,-0.072212385,NA,NA,NA,NA,NA,NA
31-03-18,22.0995864,32.90067063,-0.064228085,0.144676402,NA,NA,NA,NA,NA,NA
01-04-18,21.97029587,26.67683696,0.02447003,-0.135417688,NA,NA,NA,NA,NA,NA
02-04-18,29.04420857,25.33708809,0.063868025,-0.066365386,NA,NA,NA,NA,NA,NA
03-04-18,23.18837613,28.28505499,-0.134207251,0.050995421,NA,NA,NA,NA,NA,NA
04-04-18,20.27189275,24.27134257,0.021384421,NA,NA,NA,NA,NA,NA,NA
05-04-18,27.25553548,22.76030506,0.00591925,0.052483591,NA,NA,NA,NA,NA,NA
06-04-18,27.38042917,24.53875655,0.134311745,-0.090960416,NA,NA,NA,NA,NA,NA
07-04-18,27.8826322,NA,-0.161132077,0.208843597,NA,NA,NA,NA,NA,NA
08-04-18,20.29415308,28.33542597,-0.137842811,0.124015517,NA,NA,NA,NA,NA,NA
09-04-18,26.45609828,23.96881728,-0.076166521,-0.034840353,NA,NA,NA,NA,NA,NA
10-04-18,24.86617221,24.706193,-0.05880015,-0.106235882,NA,NA,NA,NA,NA,NA
11-04-18,21.20395913,22.98866554,0.219758537,0.170217939,NA,NA,NA,NA,NA,NA
12-04-18,25.5688378,25.23583061,-0.159538104,-10,NA,NA,NA,NA,NA,NA
13-04-18,22.49922295,21.41944143,-0.051186883,0.035098206,NA,NA,NA,NA,NA,NA
14-04-18,22.00149909,19.06582152,0.185217176,0.025892278,NA,NA,NA,NA,NA,NA
15-04-18,91.80761007,90.18775963,0.979126387,72.37509505,NA,0.91550408,12.32581439,5.981629097,1.856384085,0.219738367
16-04-18,86.82251738,91.28393177,1.118819668,68.30761045,NA,NA,16.37448707,6.278628796,0.627310551,0.178732884
17-04-18,92.35079995,91.4180789,1.005606816,60.24259359,0.847083108,0.776193584,11.42455423,5.801813605,0.643509625,0.180033801
18-04-18,85.66685948,84.86744546,0.989630104,62.24507292,1.591592009,NA,24.21326878,5.943892369,1.607775892,0.292526193
19-04-18,87.03487538,81.24341364,0.989762082,72.08095524,NA,NA,12.94872959,5.908762761,0.254069407,0.131072953
20-04-18,87.44092714,NA,1.343111332,73.10918402,NA,0.714275349,13.31356829,5.857632581,1.982351972,0.259887939
21-04-18,89.33161044,91.61877309,1.101787131,69.76347331,1.031030116,NA,17.58411664,6.181520381,3.825111006,0.383034386
22-04-18,104.8382838,107.2378052,1.088587624,61.68297182,1.44612421,0.921783429,14.56908041,5.906598117,3.002762469,0.255943074
23-04-18,113.3613263,113.6521425,1.056362138,68.53890624,NA,0.761857201,12.88218874,6.257535911,0.453530534,0.075984095
24-04-18,113.3808729,115.9488109,1.045665594,67.8537586,1.039316063,NA,18.14150632,6.026513417,1.596621889,0.196757184
25-04-18,113.6301711,116.4857385,1.135170719,84.55303188,NA,NA,20.2108146,5.81857852,2.958947498,0.230508659
26-04-18,109.1923215,113.563342,1.190783956,68.48849848,0.739548523,0.894605917,18.84330925,5.906287453,0.09950194,0.004648576
27-04-18,112.903073,NA,1.370388691,65.96266103,0.28223801,0.653191727,11.08504028,NA,0.455066115,0.003242788
28-04-18,113.8988487,NA,1.153747522,60.59111012,2.30044939,0.703985166,11.68259951,5.997136298,0.063079561,0.012740783
29-04-18,114.4411704,117.3717105,1.097812339,68.76761188,1.222720173,NA,NA,5.778828816,1.68392967,0.197682875
30-04-18,112.3847955,113.7904397,1.164635727,72.53960347,NA,0.942456898,20.36917204,6.082958405,3.002552561,0.294518044
01-05-18,111.475281,107.4971043,1.087014181,65.39091876,NA,NA,16.41908813,5.976866118,2.941841236,0.278336541
02-05-18,115.6008819,113.2871822,1.125430828,78.17663905,NA,NA,21.73764634,6.244931061,0.539526154,0.090216318
03-05-18,113.172532,114.0341171,1.214893318,69.14418343,1.412732121,0.70353151,14.7607756,6.091665288,1.203371825,0.146046724
04-05-18,108.361824,108.1286646,0.990178124,64.66016287,0.894201827,0.828409387,13.87134583,5.760608227,0.672756477,0.009960311
05-05-18,110.601678,110.278039,0.952948658,65.60590124,0.601164155,NA,20.24886989,5.876179396,0.136503819,0.054719307
06-05-18,105.1470192,103.3626493,1.183665048,-10,0.688449231,0.803275602,14.22894984,6.12315622,NA,0.103101218
07-05-18,108.7105546,103.4108195,1.216912244,60.73332369,0.30740477,0.835355502,10.16802357,6.079273418,0.216128664,0.069055613
08-05-18,109.4838351,113.4875359,1.30245604,71.17155763,0.378491755,NA,21.06590606,5.923841719,0.840781986,0.148327427
09-05-18,117.3338872,117.2439434,0.922647643,64.85984954,0.516452089,NA,23.04755696,5.913266379,4.269680136,0.262827686
10-05-18,101.5228658,102.6074189,1.303513759,67.38471674,NA,NA,18.92433314,5.837988075,0.227574453,0.070137458
11-05-18,103.1349994,103.5347206,NA,74.83985377,0.478424861,NA,18.62113299,6.105148914,0.286059063,0.078203955
12-05-18,101.8621238,NA,1.037972352,74.60617714,NA,NA,12.54689896,6.118042033,0.7181624,0.11343859
13-05-18,101.4846421,99.07345191,1.061618147,67.39117593,1.224882623,0.934587188,9.506066332,6.06097541,4.018215153,0.265891066
14-05-18,91.78389441,92.44526276,1.160066371,72.96215056,NA,NA,18.46060997,5.940744948,1.684965755,0.212804257
15-05-18,85.35109104,85.06863239,0.769269673,71.69733112,NA,0.754726793,9.205649491,5.967241664,0.863096743,0.233008617
16-05-18,97.55389799,97.89299815,1.042036342,63.83894036,1.124683724,NA,14.36594991,6.083461954,1.293135832,0.20841378
17-05-18,95.0513749,98.92011254,1.039231736,-10,0.512959934,NA,11.17842538,6.285436628,3.94372904,0.371239688
18-05-18,96.3144016,100.0696954,0.942264031,68.79845309,1.380766625,0.611897444,8.584808304,6.19968646,0.044242292,0.160583694
19-05-18,98.44594778,-15,0.993857678,67.23951114,0.439713208,NA,22.04163832,5.591076795,1.67124002,0.274885237
20-05-18,98.18552524,102.4245157,1.075010972,59.76039437,0.491325478,0.710710068,12.06058495,5.91190532,3.603392108,0.341252758
21-05-18,99.42421618,95.01424966,1.1053568,77.37444813,0.606424115,0.84864333,7.578042301,5.738590904,4.518656837,0.308016801
22-05-18,96.20015241,94.56589007,1.087802301,65.28409223,NA,NA,18.41565528,5.808223848,1.526042721,0.200046105
23-05-18,93.21198166,92.648829,1.135394246,67.45170824,1.051612964,0.82766695,4.440346596,6.137054805,0.052324301,0.133219663
24-05-18,109.6721504,108.4931051,1.229306087,73.77994238,0.827121315,NA,11.00675905,6.200988079,2.50334323,0.266218903
25-05-18,105.6836096,105.7924404,1.18165592,66.79311059,1.228417549,0.85668019,14.40560138,5.980473597,0.245932863,0.002214394
26-05-18,103.8733089,102.6644671,0.887734586,69.27328104,0.312870549,0.97484717,NA,6.072825552,1.463205969,0.11918709
27-05-18,108.5958361,109.7373,1.08875471,68.82662031,NA,NA,3.288726166,20,1.084175743,0.167163838
28-05-18,105.6674241,-15,1.173845754,67.41502127,1.056769042,0.660939249,17.15602299,5.843753114,0.876936818,0.104718848
29-05-18,106.4239611,102.0399254,1.177423644,68.99805222,0.52384284,NA,NA,5.957614469,4.961641244,0.240334841
30-05-18,110.3839847,-15,1.232355195,69.11548065,NA,0.820231259,20.32285444,6.219051675,0.539405863,0.083424902
31-05-18,109.4205759,107.5640188,1.117595847,70.92408053,NA,0.946035491,19.62353046,6.411453872,1.325110696,0.116890359
01-06-18,109.1631923,108.4800072,1.044991427,65.97584121,1.148375907,NA,21.25809442,6.034767886,1.776578837,0.110513885
02-06-18,115.8433698,113.4796469,1.036737352,70.60737923,1.514554279,NA,10.47552992,5.715459233,1.573244731,0.136386266
03-06-18,110.6770269,113.675541,1.194991734,64.31729412,NA,NA,7.288809268,5.948268886,4.9802696,0.274781938
04-06-18,105.0101512,102.6586474,1.093948018,67.78403125,1.796618554,0.716472716,12.15459464,5.981204251,3.258379773,0.285778584
05-06-18,107.4813933,109.0653966,1.287128755,69.37762513,0.863731638,NA,NA,6.073886065,0.006319444,0.005576738
06-06-18,115.9133838,117.2999236,1.210787123,66.0298019,0.455706077,0.755803074,11.56447805,5.698862118,1.841485935,0.138718846
07-06-18,110.1502178,110.5345674,1.087503601,74.40045014,0.994633081,0.898532392,8.434558323,5.979477397,0.055665438,0.025957569
08-06-18,122.8502582,121.8785821,1.012310177,62.81414302,0.35728574,0.85344008,NA,NA,1.228566341,0.18363671
09-06-18,120.0352969,123.4903135,1.029828715,75.96750129,1.197658437,0.703153001,9.274351501,6.105200612,0.09165318,0.063223351
10-06-18,117.4754318,114.8484457,0.951260027,73.80931881,NA,0.816050508,21.34869248,6.030759208,0.445296824,0.036581832
11-06-18,116.3508108,NA,1.151683171,73.57549958,0.819998513,NA,18.0608655,6.308330745,3.260400015,0.210088656
12-06-18,117.3157382,120.6795619,1.145042342,76.57076047,NA,NA,14.65447038,6.150502305,0.027602614,0.024566937
13-06-18,115.674573,118.1611591,0.920222777,71.86763325,1.264317762,NA,19.0171748,5.909317275,0.063017008,0.013741423
14-06-18,120.9111631,117.2404962,1.089242592,77.13173335,NA,0.784612503,11.33776485,6.116161746,0.337976883,0.098319793
15-06-18,110.8558335,108.3312947,1.063535336,69.11056026,0.818609918,0.92444085,19.06882519,5.83041812,1.150248492,0.130060902
16-06-18,107.6733709,110.0685249,1.358552405,79.26042778,0.954640638,0.723425754,13.97489924,6.147189374,0.106918589,0.06970939
17-06-18,110.1972331,112.3955961,0.795170214,67.93619454,NA,0.94401147,18.37960435,6.042785674,0.046315948,0.020045683
18-06-18,108.1444961,107.381247,NA,62.90397832,1.702332743,NA,15.91531136,5.68522151,1.336144535,0.191097037
19-06-18,114.0176405,114.1994128,1.110999686,63.94679403,0.962227503,0.90914825,21.50752367,5.923928579,3.673345861,0.218351248
20-06-18,110.7901929,111.3745128,1.086248876,62.46722595,NA,0.739649189,14.13509107,6.155366073,3.031084007,0.269759366
21-06-18,113.947368,111.0517937,1.218044521,64.23022354,0.647222953,0.987097554,12.71005011,5.867237172,0.673381132,0.020524668
22-06-18,103.9116945,102.0038254,1.085310066,71.40622508,1.27957203,NA,20.01908549,5.683618098,1.075999313,0.150621557
23-06-18,113.9728605,-15,1.016347504,71.35437427,1.015239084,NA,19.67078341,6.094139486,0.037764924,0.092823573
24-06-18,110.1203641,109.7784582,1.07382859,83.68192982,NA,0.762267258,18.12939589,NA,0.58306318,0.023419252
25-06-18,107.8207878,105.1132878,1.256240677,68.48170455,0.195996778,NA,9.326469826,5.89873944,0.991216617,0.143614188
26-06-18,116.5548088,122.4499796,1.188115427,68.90966554,NA,NA,NA,6.348520306,3.997323264,0.283780847
27-06-18,111.8071747,111.997319,1.109986984,74.3460017,1.175795476,NA,22.01650227,5.844896526,0.503877845,0.082251842
28-06-18,117.1591822,118.019188,1.082200174,66.55494121,NA,NA,13.47946102,5.796799185,3.347662896,0.257714216
29-06-18,109.8194477,107.0990417,NA,-10,1.000885166,NA,10.23080041,6.070585703,0.329425635,0.085714989
30-06-18,90.08632229,89.52502863,1.067840167,67.55333003,NA,NA,22.50593793,5.778381779,1.965456914,0.290828671
01-07-18,88.57597371,90.6068454,1.1612003,71.87240603,1.144132529,NA,16.55065719,5.580700089,0.03974683,0.108079701
02-07-18,85.13855685,86.85258703,0.962915251,78.10075515,1.11630507,NA,14.7764672,6.158347338,0.814475614,0.234008967
03-07-18,85.97110986,90.86094638,1.015633956,75.05119304,NA,0.539830744,NA,6.034374041,3.014694745,0.408162048
04-07-18,94.37048215,-15,1.092168016,70.26690264,1.911286747,NA,13.20892218,NA,0.63314576,0.113124067
05-07-18,81.28675103,76.57288795,0.968683234,69.30736637,0.261500199,NA,17.64481842,NA,1.999135576,0.230203189
06-07-18,74.08364587,73.82913507,1.129442607,74.69106988,0.735623668,1.008581338,16.53269891,NA,1.620085984,0.252308658
07-07-18,83.80708336,81.17836631,1.200274505,72.48579276,0.658295149,0.727179215,15.77107436,6.116782046,0.828197544,0.297089728
08-07-18,84.97861242,81.86096993,1.15978975,64.0340153,NA,NA,18.29801456,6.113746804,3.237068169,0.437169224
09-07-18,79.84873839,NA,1.077428709,61.95757971,NA,NA,16.94389911,6.139972776,0.117200029,0.162221272
10-07-18,105.2426787,104.8275689,0.956750024,62.1824204,NA,0.573160207,14.26511058,5.898693685,NA,0.066163351
11-07-18,100.9413484,101.3888201,1.040746257,77.26976638,1.042784263,0.781594563,16.63733983,5.730434996,0.722807574,0.15204678
12-07-18,88.50260299,86.46650957,1.242902608,71.83703532,0.325973783,NA,12.08544595,5.78117152,1.931737546,0.272481141
13-07-18,79.86231756,76.84990751,0.984922194,68.52632276,1.044821521,0.840604105,6.172177157,5.833415624,1.419024367,NA
14-07-18,94.42516814,96.92533313,1.055079861,64.00630311,NA,NA,26.14290999,6.294139003,1.18097467,0.25666628
15-07-18,104.8964953,105.6386038,1.086501116,68.69211812,NA,0.770920273,18.11790934,5.931963958,1.953656349,0.126265287
16-07-18,99.75574152,97.49869153,0.989224463,72.10230711,NA,0.843172462,18.73931319,5.975472406,2.119123201,0.300223647
17-07-18,102.3071367,102.5285984,1.254424025,NA,1.681078857,NA,21.2230063,5.92065439,1.107901716,0.115193579
18-07-18,105.7520025,107.0697756,1.313878169,73.45921354,NA,0.847547879,13.19395479,6.190494838,0.609150753,0.000842614
19-07-18,101.5556215,105.5237562,1.042161267,73.49789034,NA,0.570688385,19.28297882,6.176267219,0.175825974,0.091413669
20-07-18,103.2837471,104.402821,1.102285608,64.60829197,1.437413675,0.839272189,12.22925349,6.030132106,1.165160838,0.181826954
21-07-18,99.74591636,97.15202429,1.15699537,70.13602641,1.549042614,NA,4.365134044,5.838254932,1.409507315,0.286026501
22-07-18,106.1671738,108.1814428,1.243309172,68.62076604,0.914243789,NA,14.47034589,6.245739794,0.212610441,0.01846393
23-07-18,112.1097549,113.7839003,1.134000108,66.89286616,1.547767407,0.851128833,17.86635085,5.99825661,0.462371339,0.083050872
24-07-18,109.715546,108.7139836,1.010879578,66.31473841,0.830526481,0.869855041,24.86010161,6.144552656,NA,0.180869348
25-07-18,111.6915165,NA,0.906057352,63.70970733,0.006502226,NA,18.71244995,5.768642335,3.707910509,0.287544614
26-07-18,108.9069957,106.0217827,1.092101168,72.53801957,NA,0.865920882,15.84293571,5.991040507,0.830253123,0.179556259
27-07-18,113.7329036,109.0832404,1.064016755,71.25444774,NA,NA,13.05430633,5.751432045,4.703297656,0.297662297
28-07-18,103.0608822,105.1610238,1.177145207,68.97876303,0.624214203,0.78287092,11.64260994,20,1.471125079,0.1116361
29-07-18,113.3001344,117.6031413,0.953704674,70.83426829,NA,NA,4.189401592,6.081102771,1.03162575,0.136256251
30-07-18,88.94662814,-15,1.116810263,65.95933363,1.322619565,0.702933234,9.977643857,6.402717867,3.292835137,0.386900152
31-07-18,91.08000009,88.99837751,1.17768644,71.339571,1.306298505,0.763907325,7.43881646,5.699943455,0.265543796,0.147160348
01-08-18,92.78562412,94.96208955,1.081340839,65.46618585,0.193613536,0.800785711,23.41555926,6.164638738,1.09146556,0.261407501
02-08-18,96.95260403,95.03407364,1.256369436,77.68125202,NA,0.960627683,13.17848391,6.24210632,1.581720225,0.256077415
03-08-18,86.48064294,85.14399141,0.970089584,68.20614824,0.666535797,0.885609603,9.251423307,6.142141619,3.610618387,0.404481505
04-08-18,82.5564884,85.75684101,1.17175848,72.2554969,0.756673945,0.717181279,21.64104001,5.871078696,1.818761991,0.290212651
05-08-18,82.65989462,84.79606016,0.98828945,80.63917378,NA,0.809826311,4.584361356,6.162711723,0.07814789,0.197522916
06-08-18,104.7122342,106.0523535,NA,75.63368516,1.374438898,0.775182802,19.09322164,5.867217721,0.248239908,0.032789464
07-08-18,98.28925346,96.02220335,1.053241737,67.81747991,0.169497561,NA,22.68544709,6.155181845,0.599131667,0.157560992
08-08-18,101.8968071,102.6725909,0.928399285,76.37142833,NA,NA,20.16633167,5.621057342,1.129454577,0.126664316
09-08-18,94.01099045,92.51500042,1.161224101,66.06043327,NA,NA,9.123304839,5.863765018,0.418217366,0.158893211
10-08-18,107.3280029,106.5056955,0.908086838,63.38652907,1.2810612,1.024244409,12.44966431,6.10708493,0.668653505,0.051532895
11-08-18,97.86424965,99.22498196,1.073620402,70.04364915,0.719122494,NA,13.07029909,5.698359531,4.86200868,0.357812266
12-08-18,85.78720839,84.23847093,1.149294324,73.53861591,NA,0.950461291,17.98930535,6.200896389,3.22932733,0.41796503
13-08-18,77.28728376,76.42654884,1.169850508,72.95026687,-0.008522221,0.643788758,11.86260063,20,0.369960297,0.197142027
14-08-18,90.84574976,90.35605903,1.116556366,60.02471964,1.105694722,0.76949335,9.580249601,6.246862364,1.859444442,0.265337318
15-08-18,82.80289476,80.63526276,1.142681144,71.54317125,1.161419252,0.961348441,17.28265459,5.973252575,0.90918051,0.24673648
16-08-18,85.25921243,80.91620058,1.080564499,-10,NA,0.832880156,9.633928338,NA,2.087506145,0.425203687
17-08-18,85.55748137,-15,1.168287397,67.90336486,1.731419208,NA,12.42502518,6.130062026,3.569511992,0.422839783
18-08-18,92.99445322,91.62436471,1.083199444,77.0429531,NA,NA,NA,5.947424334,0.245614379,0.124491387
19-08-18,94.8106918,95.91863063,0.91695824,66.5084033,0.2430658,NA,16.17881458,6.117572414,1.108896924,0.280859462
20-08-18,94.46654133,91.05193101,1.233458887,78.15947935,0.54524224,NA,17.40157257,6.140142828,2.315470207,0.374631588
21-08-18,104.9515798,104.0107078,1.030358638,66.97784947,NA,0.853059371,16.28652102,6.164393722,1.268046993,0.13502507
22-08-18,115.922454,119.1492573,1.032823115,71.01172712,0.985776961,NA,21.39318295,5.962243426,NA,0.046401126
23-08-18,110.2280668,109.9651794,1.240767089,66.41954407,NA,NA,20.02987855,6.250491682,1.416273493,0.14674264
24-08-18,108.9710063,112.7015488,NA,65.49835444,0.80333044,NA,9.776242171,6.425284331,1.026783907,0.142444756
25-08-18,101.8718281,104.2181724,1.005403887,62.90334667,1.195066787,0.836022289,9.598415164,5.991604232,2.468012489,0.255446855
26-08-18,108.71959,108.6325233,1.315904096,68.75876229,-0.011133975,NA,16.03826383,5.793078896,2.350824267,0.236999034
27-08-18,104.9420162,106.9096876,1.177533126,69.65872093,1.236716546,0.706214617,14.26928417,6.128162814,1.840010432,0.100481465
28-08-18,118.1228432,120.9016214,1.01176898,64.74752007,-0.131385634,NA,15.34230898,6.036962107,0.698535055,0.024915154
29-08-18,118.7029458,121.5833259,0.943434736,68.05651805,NA,NA,14.82885053,5.679704551,1.268163181,0.134679388
30-08-18,118.6568019,114.6072249,0.85670579,77.83167916,1.293108603,NA,20.40279708,6.094958747,4.378714531,0.266550325
31-08-18,115.6732075,118.0872779,0.970054607,68.84180134,NA,NA,18.93170214,5.973027155,4.468349262,0.247842606
01-09-18,118.7513509,117.875865,1.191262301,72.34204107,NA,0.71243239,12.55360794,5.942474453,1.640454744,0.183828573
02-09-18,110.5209465,114.6515017,1.158002564,70.70021494,NA,0.762408613,14.08330928,6.152134911,3.356690343,0.21222235
03-09-18,116.4142984,108.6826813,1.21669187,78.91371009,0.821572068,0.949218018,13.37657827,6.038977616,0.063244021,0.095739002
04-09-18,118.9308532,-15,1.166520825,67.3003546,1.200818468,0.917146607,21.98955225,5.608753556,0.036670484,0.092574293
05-09-18,107.0293444,-15,1.050051759,75.98558702,NA,0.764184485,4.334271948,6.073866361,0.440038787,NA
06-09-18,106.8417596,106.0479694,1.027245564,68.64111254,1.830159283,0.719415848,23.50185421,6.082833715,1.111895695,0.161480959
07-09-18,114.0109958,113.8252595,1.223532535,68.53112342,NA,NA,15.27616652,6.027583248,2.280250808,0.272726048
08-09-18,109.9219863,111.668352,1.147074112,69.20383306,0.86442527,NA,20.28693353,5.86209176,0.474085853,0.049665118
09-09-18,106.7376407,111.3472715,1.039013775,61.15075425,NA,NA,13.5806922,5.972277525,2.995589778,0.239617002
10-09-18,112.4104303,111.6259382,1.196873766,64.18373858,NA,0.859629409,24.21716588,20,0.241323201,0.041377352
11-09-18,106.0992648,108.1803382,0.995972113,71.94034497,0.884845306,0.890169837,11.98355871,5.843215885,4.002285271,0.201086964
12-09-18,106.3654537,105.3568301,1.148231884,71.49656985,NA,0.71211914,NA,5.574713692,0.667645382,0.012384915
13-09-18,107.36976,-15,0.985231522,71.68239557,NA,0.850946687,15.58442403,6.085827256,4.724505262,0.240771399
14-09-18,105.0480413,113.7996454,1.245002931,64.48088448,NA,0.641990196,13.56858219,5.954621219,0.228145874,0.028907793
15-09-18,109.3730804,104.92041,0.97110857,80.027803,NA,0.816751512,19.63159442,6.186549741,0.383299413,0.043139441
16-09-18,106.7048041,NA,1.112717164,67.55811131,NA,0.762142361,NA,6.034889271,0.411400557,0.087822349
17-09-18,99.56971432,98.70860375,1.175502348,72.06971466,0.998279033,0.831067502,13.06420336,6.005898218,1.12884658,0.265435599
18-09-18,95.89096114,97.55532085,0.992848334,66.41847243,NA,0.885670867,NA,NA,1.073714547,0.264605639
19-09-18,101.8057313,-15,1.160540654,69.48062043,1.047433333,NA,16.63207693,5.840201878,1.947418584,0.168390251
20-09-18,104.2639109,99.12279082,NA,75.85543879,2.166379088,NA,16.19096922,5.908044601,3.557564665,0.277421612
21-09-18,98.50754188,98.69981635,1.057864752,68.2494453,NA,0.794080967,3.718574342,6.260590212,0.565460464,0.110915729
22-09-18,103.0570775,101.2849255,1.12671579,67.92437794,0.641947104,0.834659275,25.19680073,6.432452216,0.102579353,0.012131985
23-09-18,101.3251908,106.9402624,0.983612149,68.99522801,NA,0.73144596,15.96847236,5.877637925,1.918980306,0.127989406
24-09-18,98.38783531,96.11036905,1.2234927,61.09841078,1.621227203,0.866275413,14.09805966,6.402055971,1.687787829,0.263995996
25-09-18,93.48442171,90.00284366,1.005853051,68.49445155,NA,0.839325336,8.889500607,6.015858135,0.020188528,0.134387007
26-09-18,106.6224591,107.4348374,1.171113706,66.32441939,0.658375141,NA,12.05069132,6.201816437,1.520490059,0.109952073
27-09-18,117.4857057,119.1275881,1.298956617,71.9126887,1.145302977,NA,7.865717356,6.342216064,1.978753185,0.197345673
28-09-18,119.7672824,113.9832623,1.083755185,73.01970876,0.800447831,0.826940812,NA,6.103962679,0.681795525,0.024145763
29-09-18,112.6936854,111.79671,1.103350306,58.93793031,NA,NA,19.76775682,6.388932455,1.617215992,0.163500039
30-09-18,107.345748,105.5387933,1.186321704,67.32136161,NA,0.794064714,19.49962906,6.310781899,1.141044948,0.19453616
01-10-18,110.0862763,108.220211,1.160099666,72.38800246,NA,0.772969817,8.850931451,NA,1.062337298,0.160607212
02-10-18,109.7013952,107.6412135,1.065738634,72.17230549,NA,0.802010381,23.51709423,6.3582614,0.278000579,0.021349739
03-10-18,107.5483819,103.1750928,0.894945662,76.52677546,1.345814929,0.54092445,19.93409164,6.144798373,0.947655413,0.128009325
04-10-18,112.5694804,115.4828492,1.172833914,68.90348445,0.624734736,0.857076118,20.1424916,5.821856344,0.627676593,0.082092055
05-10-18,109.1671266,112.2707913,0.989320426,72.80014565,NA,NA,14.75564606,NA,0.795388642,0.122983888
06-10-18,109.641959,110.0553265,1.181966232,76.15810196,1.312358363,0.678870727,11.09540161,6.077546742,4.960938808,0.218975072
07-10-18,98.71861777,105.0901808,1.139936091,71.19331089,1.102193928,0.742307946,16.3347675,6.142545301,0.60033563,0.13604398
08-10-18,104.2387131,103.1605641,1.134514135,69.16816292,1.379403447,0.601572781,11.54134046,6.013303896,2.289639548,0.252194055
09-10-18,101.3051718,103.5569626,1.098504214,72.37772054,1.829858713,0.875339429,11.70884182,6.211906141,0.148432599,0.061335049
10-10-18,99.11833422,98.4459912,1.037875543,62.70587181,NA,NA,10.2835654,5.790903778,0.211180658,0.189278366
11-10-18,106.220093,105.6543717,1.134160744,64.20125962,NA,0.854611007,23.52531468,6.062115273,1.672408496,0.190989691
12-10-18,102.0664308,105.5165264,1.141767187,73.61517674,NA,0.768243141,21.26949279,20,2.453944259,0.267302241
13-10-18,103.0781565,103.219436,0.991452467,80.12768763,0.666730363,NA,8.29178618,6.129176986,1.678617456,0.145455056
14-10-18,102.633295,104.6703486,1.040720312,67.11483046,NA,0.939510701,16.13735358,6.132104014,1.366916381,0.148386011
15-10-18,111.6993881,113.6229809,0.960721716,63.7875185,NA,0.787088459,16.95723766,5.952175376,0.258467278,0.048319433
16-10-18,110.0725586,111.097306,1.020311174,71.92597862,NA,0.792621191,15.79351851,6.103248711,1.981112098,0.177891037
17-10-18,87.13008472,88.22608717,1.153540799,76.22780973,2.002057029,0.747742826,16.96221833,6.095071839,0.929288561,0.291749414
18-10-18,97.87609628,101.1065545,1.178979628,81.71239256,0.665128984,NA,22.31879757,5.838894126,2.444215219,0.347353438
19-10-18,94.74521088,88.08592829,1.139549734,66.47502111,NA,0.828482564,11.13760726,5.841427347,1.400563457,0.27845233
20-10-18,97.36633621,98.75630881,1.05306592,65.353303,NA,0.78567985,21.45937272,5.926671047,0.422879262,0.144828711
21-10-18,102.2276054,103.3831385,1.136880851,69.10882513,NA,NA,16.98253214,5.833857864,0.444372484,0.079395663
22-10-18,89.58484538,88.16585884,1.226184372,-10,1.07293318,0.65105752,6.888752652,5.847917307,0.784590298,0.211281257
23-10-18,89.58685479,93.14838584,1.00510525,67.54303752,1.120018482,NA,9.950945761,5.943411989,0.027600263,0.176251607
24-10-18,90.24639364,94.3110047,1.13394603,71.24924148,NA,NA,20.08240988,6.072311824,0.010369667,0.156254069
25-10-18,82.36078922,80.00564075,1.169429509,63.78319272,NA,0.757023321,13.28305416,5.990613848,4.151662311,0.443259811
26-10-18,84.95342844,85.51085011,1.263331371,69.38339774,0.677252009,NA,15.64869166,5.965648467,0.400780374,0.162186837
27-10-18,84.91010126,-15,1.134697388,70.71092868,0.52557901,NA,NA,6.234844347,1.917286299,0.249090646
28-10-18,103.5898533,106.5084313,1.030826194,76.55689511,1.255656946,0.56200826,NA,5.781925101,1.567149368,0.172293697
29-10-18,107.1585752,108.0105748,1.212526614,72.43284012,0.821195672,0.861047567,18.66252642,5.650045995,1.04250152,0.141599987
30-10-18,102.9896741,101.6321842,1.267138389,73.18399819,NA,NA,4.845712335,5.718726575,0.996538494,0.119938573
31-10-18,105.4494402,106.3849137,NA,70.9321819,1.056486362,0.939552348,6.271816289,6.033653546,1.712509235,0.114206451
01-11-18,102.9590484,104.1268727,1.209963864,72.06654347,0.902215951,NA,8.679262912,6.085378436,3.20192272,0.225807747
02-11-18,98.44274018,NA,0.93578356,71.64868527,NA,NA,11.02233813,6.17271665,4.062120052,0.331652741
03-11-18,101.1834118,98.83822144,0.962231567,72.93815011,2.154473252,NA,13.07390959,6.0891419,1.406046979,0.156826416
04-11-18,111.7526671,105.8110194,1.260702672,76.51289169,1.237127017,0.944715981,29.53749282,NA,1.353864093,0.112684854
05-11-18,115.5510033,NA,1.10329417,68.88793864,1.727256091,0.775759147,5.235741908,6.076239145,0.912843091,0.199289883
06-11-18,100.5309429,100.7547005,0.998120403,76.44205718,NA,0.822437071,19.18226701,6.181773404,3.786136705,0.219266678
07-11-18,100.0930826,99.8632481,1.097425599,73.95028101,NA,0.796997854,13.89249646,5.664700118,0.937860236,0.133508309
08-11-18,99.84742349,94.56222775,1.049726448,76.23409666,0.684095559,NA,20.7969149,5.896706528,0.094559497,0.142629541
09-11-18,103.9457849,96.60032339,0.972931268,75.2742703,1.679197346,NA,18.54245581,5.891570934,0.992059522,0.186212448
10-11-18,103.4391954,103.3119959,1.175444003,74.40771726,NA,0.726151289,18.24714537,6.19430514,1.481912796,0.121839258
11-11-18,102.8925099,109.26336,1.012066251,66.05430947,1.046400724,0.632545555,7.057494854,6.055645903,1.691177227,0.175168042
12-11-18,107.7186051,111.5930527,1.113025654,74.50715892,NA,0.822834828,11.1413418,6.311420397,3.513418914,0.223646682
13-11-18,116.5685134,113.9387014,1.229879425,63.1307321,1.205832984,0.805547072,18.92269797,5.82019091,2.364632045,0.266698474
14-11-18,115.8816044,116.0771454,1.142139955,68.54489868,NA,0.729690377,19.8976944,5.982966664,0.568291302,0.092831384
15-11-18,108.4495791,113.1323924,1.221808511,73.35056085,NA,0.706874768,15.48017192,5.894645034,1.439536439,0.125915099
16-11-18,110.3509121,109.2088284,NA,75.29920804,NA,0.753453279,8.539296115,5.80888238,1.687686499,0.123315323
17-11-18,107.1875145,114.4404989,0.976043644,72.15834713,NA,0.775758197,18.71794919,6.022700161,1.476008272,0.142557938
18-11-18,112.0503871,113.378779,1.010519564,68.17993829,0.836374691,0.831957848,8.928802566,6.324878169,0.857948163,0.195064654
19-11-18,99.82679994,99.93974679,1.173696273,72.89105818,1.759666157,NA,13.79333325,6.326671661,0.056434526,0.138489572
20-11-18,102.7749837,101.0196846,1.278521675,71.45263673,NA,0.734128278,6.175749974,5.869226258,0.873728616,0.175869367
21-11-18,96.83563174,96.03098818,1.141462651,66.26038133,1.193660173,0.801304577,-1.177838148,5.972689483,0.392630451,0.112470081
22-11-18,98.47181049,97.97754501,1.222369772,68.65658985,0.334057158,0.788252534,13.65309298,6.180069341,1.42221949,0.235377248
23-11-18,97.63825919,97.48102999,1.29084562,72.7515545,NA,0.7889068,4.086666308,5.942185608,4.260551674,0.358909255
24-11-18,98.92573194,99.14657302,1.107565986,74.62628075,NA,NA,21.62448026,5.46994826,1.099753362,0.251030034
25-11-18,111.0279032,-15,1.133704504,73.77313661,1.695510215,0.861886072,14.08982741,NA,1.997526193,0.195012199
26-11-18,104.5468176,103.7911557,1.233786836,72.83239572,NA,0.488346693,28.07627536,5.959508232,0.656555556,0.039316936
27-11-18,109.1716636,103.0249972,1.09362244,68.33361304,0.998045881,NA,20.17624683,5.715148795,NA,0.033903562
28-11-18,115.593077,115.7408089,0.953380801,75.52605956,1.218484975,0.741670538,13.80243899,6.160636145,0.303560702,5.98E-05
29-11-18,115.5362728,112.6915256,1.148646337,69.78521043,NA,0.757184983,12.35809028,6.00762781,2.237571499,0.228155328
30-11-18,110.0848267,108.28819,1.037225855,75.80502588,NA,NA,13.20479954,5.567997545,0.449303698,0.056051833
01-12-18,110.4477462,114.2010932,1.139108695,69.90651246,NA,NA,16.52735198,6.011596735,0.622248315,0.073925319
02-12-18,108.6528033,110.1284108,1.033602152,69.33937394,NA,NA,8.107296834,5.903047775,0.151494475,0.04135904
03-12-18,108.475283,111.3092329,1.005714571,76.84753442,1.330518839,0.896260509,19.30269699,6.078484706,1.688567297,0.14886272
04-12-18,105.9745448,100.778333,1.005370717,70.81410838,0.849473487,0.728720692,10.09666224,6.019515489,0.80177301,0.173046681
05-12-18,107.8135684,104.8703142,0.962880434,67.26651855,NA,NA,NA,6.301535958,0.189733721,0.043311945
06-12-18,111.5354978,113.5170839,1.049283065,73.29811205,1.639754504,0.920730912,15.45508664,6.226359655,0.637615348,0.055212565
07-12-18,106.7521598,98.4487116,0.906845201,72.72851118,NA,0.858340566,13.02015105,5.890224327,1.549309145,0.124714469
08-12-18,112.1571062,108.178475,1.153320021,70.79604134,-0.223902397,NA,15.75169576,6.32946212,4.89734618,0.251254746
09-12-18,106.9855674,105.773095,0.977335871,64.65653354,1.362563485,NA,20.80399887,6.238522127,3.173470031,0.247564685
10-12-18,110.3954518,109.8209945,1.052493474,65.90577417,0.173351564,0.703612008,19.70515898,NA,1.091307286,0.196870742
11-12-18,113.3049507,111.1915082,0.934381196,66.8619229,NA,NA,13.6996051,5.976224854,0.024102683,0.092857421
12-12-18,102.7594355,108.4698329,1.058333159,63.11079249,NA,0.849039712,16.57467116,6.106476839,0.44788206,0.084977411
13-12-18,116.2751148,120.3205975,1.099524142,76.30460149,NA,0.75717648,27.61632289,5.752132685,0.244670051,0.020408311
14-12-18,113.9556366,117.4091633,1.151011018,65.59744778,NA,0.715121082,20.43008327,5.861482101,1.778920708,0.127148406
15-12-18,119.8483985,119.4667849,1.095212212,74.54542839,1.26645404,0.722945728,12.85340968,6.035218723,0.888942633,0.106228201
16-12-18,119.5709282,115.788409,1.085428303,71.1241758,2.336587513,0.600557334,9.506749621,5.879355297,0.946244696,0.185885321
17-12-18,117.9808342,113.3001631,1.107274931,70.63264397,0.861128151,0.753044655,14.48414842,6.026206728,0.492175878,0.064215409
18-12-18,115.9614119,118.2188402,1.003124816,73.94679316,1.223408219,0.77207095,10.96717508,6.256081424,0.265433249,0.095295132
19-12-18,111.7642222,111.9030506,1.020910753,NA,NA,0.857367816,5.939169436,5.760551849,4.09553969,0.203022445
20-12-18,119.4756054,127.3016261,1.233199866,70.75344686,0.212945223,0.7119244,NA,5.969629935,1.763409285,0.13067241
21-12-18,97.91739156,100.6232635,1.067231465,74.22806351,NA,NA,NA,5.987607972,1.310312488,0.200151398
22-12-18,103.7907345,104.4036096,1.063945623,62.72387959,NA,NA,7.36946834,5.501180924,0.823305177,0.195551406
23-12-18,97.57791309,96.52630986,0.917576958,67.9741326,NA,NA,11.12503386,6.021491214,0.842528816,0.25174041
24-12-18,104.5907369,107.3508072,1.132686831,77.60275956,1.610663499,NA,11.82196783,6.004149678,1.842929183,0.146953054
25-12-18,96.06902374,95.28994619,0.987874937,66.40725563,0.420634988,NA,10.65379506,6.289436005,0.504485185,0.189807466
26-12-18,112.5640296,113.2113899,0.972233016,57.38000316,0.299295869,0.865215061,17.57879273,5.854961927,0.511934996,0.056757038
27-12-18,114.5197755,106.558613,1.033234322,74.35959425,0.400375864,NA,21.87316331,5.880223686,0.574672908,0.050947543
28-12-18,108.3189071,106.3889147,1.013021246,68.12426385,1.157925845,NA,18.70001012,5.940294254,1.282050018,0.147208087
29-12-18,110.1899526,113.0732574,1.219042561,68.10446232,0.575615486,0.668797797,11.65654229,6.040538437,0.111397264,0.096640341
30-12-18,112.1144599,111.8067526,1.080596338,76.08459873,NA,0.634896514,19.603671,6.294535159,0.609767282,0.015867684
31-12-18,110.9686965,117.5228705,1.020174198,65.06368742,NA,NA,16.04514123,6.145856216,0.225949878,0.064849663
